[debug] [2026-06-06T19:13:11.864Z] ----------------------------------------------------------------------
[debug] [2026-06-06T19:13:11.869Z] Command:       C:\Program Files\nodejs\node.exe C:\Users\nuday\AppData\Roaming\npm\node_modules\firebase-tools\lib\bin\firebase.js deploy --only functions
[debug] [2026-06-06T19:13:11.869Z] CLI Version:   15.17.0
[debug] [2026-06-06T19:13:11.870Z] Platform:      win32
[debug] [2026-06-06T19:13:11.870Z] Node Version:  v24.15.0
[debug] [2026-06-06T19:13:11.870Z] Time:          Sun Jun 07 2026 00:43:11 GMT+0530 (India Standard Time)
[debug] [2026-06-06T19:13:11.870Z] ----------------------------------------------------------------------
[debug] 
[debug] [2026-06-06T19:13:14.459Z] > command requires scopes: ["email","openid","https://www.googleapis.com/auth/cloudplatformprojects.readonly","https://www.googleapis.com/auth/firebase","https://www.googleapis.com/auth/cloud-platform"]
[debug] [2026-06-06T19:13:14.460Z] > authorizing via signed-in user (vinayanandharaju215@gmail.com)
[debug] [2026-06-06T19:13:14.460Z] [iam] checking project mednu-healthcare-app for permissions ["cloudfunctions.functions.create","cloudfunctions.functions.delete","cloudfunctions.functions.get","cloudfunctions.functions.list","cloudfunctions.functions.update","cloudfunctions.operations.get","firebase.projects.get"]
[debug] [2026-06-06T19:13:14.461Z] Checked if tokens are valid: true, expires at: 1780776524981
[debug] [2026-06-06T19:13:14.461Z] Checked if tokens are valid: true, expires at: 1780776524981
[debug] [2026-06-06T19:13:14.462Z] >>> [apiv2][query] POST https://cloudresourcemanager.googleapis.com/v1/projects/mednu-healthcare-app:testIamPermissions [none]
[debug] [2026-06-06T19:13:14.462Z] >>> [apiv2][(partial)header] POST https://cloudresourcemanager.googleapis.com/v1/projects/mednu-healthcare-app:testIamPermissions  x-goog-user-project=mednu-healthcare-app
[debug] [2026-06-06T19:13:14.462Z] >>> [apiv2][body] POST https://cloudresourcemanager.googleapis.com/v1/projects/mednu-healthcare-app:testIamPermissions {"permissions":["cloudfunctions.functions.create","cloudfunctions.functions.delete","cloudfunctions.functions.get","cloudfunctions.functions.list","cloudfunctions.functions.update","cloudfunctions.operations.get","firebase.projects.get"]}
[debug] [2026-06-06T19:13:16.052Z] <<< [apiv2][status] POST https://cloudresourcemanager.googleapis.com/v1/projects/mednu-healthcare-app:testIamPermissions 200
[debug] [2026-06-06T19:13:16.052Z] <<< [apiv2][body] POST https://cloudresourcemanager.googleapis.com/v1/projects/mednu-healthcare-app:testIamPermissions {"permissions":["cloudfunctions.functions.create","cloudfunctions.functions.delete","cloudfunctions.functions.get","cloudfunctions.functions.list","cloudfunctions.functions.update","cloudfunctions.operations.get","firebase.projects.get"]}
[debug] [2026-06-06T19:13:16.052Z] Checked if tokens are valid: true, expires at: 1780776524981
[debug] [2026-06-06T19:13:16.052Z] Checked if tokens are valid: true, expires at: 1780776524981
[debug] [2026-06-06T19:13:16.052Z] >>> [apiv2][query] POST https://iam.googleapis.com/v1/projects/mednu-healthcare-app/serviceAccounts/mednu-healthcare-app@appspot.gserviceaccount.com:testIamPermissions [none]
[debug] [2026-06-06T19:13:16.052Z] >>> [apiv2][body] POST https://iam.googleapis.com/v1/projects/mednu-healthcare-app/serviceAccounts/mednu-healthcare-app@appspot.gserviceaccount.com:testIamPermissions {"permissions":["iam.serviceAccounts.actAs"]}
[debug] [2026-06-06T19:13:17.713Z] <<< [apiv2][status] POST https://iam.googleapis.com/v1/projects/mednu-healthcare-app/serviceAccounts/mednu-healthcare-app@appspot.gserviceaccount.com:testIamPermissions 200
[debug] [2026-06-06T19:13:17.713Z] <<< [apiv2][body] POST https://iam.googleapis.com/v1/projects/mednu-healthcare-app/serviceAccounts/mednu-healthcare-app@appspot.gserviceaccount.com:testIamPermissions {"permissions":["iam.serviceAccounts.actAs"]}
[info] 
[info] === Deploying to 'mednu-healthcare-app'...
[info] 
[info] i  deploying functions 
[debug] [2026-06-06T19:13:17.719Z] Checked if tokens are valid: true, expires at: 1780776524981
[debug] [2026-06-06T19:13:17.719Z] Checked if tokens are valid: true, expires at: 1780776524981
[debug] [2026-06-06T19:13:17.719Z] >>> [apiv2][query] GET https://cloudresourcemanager.googleapis.com/v1/projects/mednu-healthcare-app [none]
[debug] [2026-06-06T19:13:18.084Z] <<< [apiv2][status] GET https://cloudresourcemanager.googleapis.com/v1/projects/mednu-healthcare-app 200
[debug] [2026-06-06T19:13:18.084Z] <<< [apiv2][body] GET https://cloudresourcemanager.googleapis.com/v1/projects/mednu-healthcare-app {"projectNumber":"1056867138858","projectId":"mednu-healthcare-app","lifecycleState":"ACTIVE","name":"mednu-healthcare-app","labels":{"firebase":"enabled","firebase-core":"disabled"},"createTime":"2026-04-23T08:36:53.560Z"}
[info] i  functions: preparing codebase default for deployment 
[info] i  functions: ensuring required API cloudfunctions.googleapis.com is enabled... 
[info] i  functions: ensuring required API cloudbuild.googleapis.com is enabled... 
[info] i  artifactregistry: ensuring required API artifactregistry.googleapis.com is enabled... 
[debug] [2026-06-06T19:13:18.088Z] Checked if tokens are valid: true, expires at: 1780776524981
[debug] [2026-06-06T19:13:18.088Z] Checked if tokens are valid: true, expires at: 1780776524981
[debug] [2026-06-06T19:13:18.089Z] >>> [apiv2][query] GET https://firebase.googleapis.com/v1beta1/projects/mednu-healthcare-app/adminSdkConfig [none]
[debug] [2026-06-06T19:13:18.801Z] <<< [apiv2][status] GET https://firebase.googleapis.com/v1beta1/projects/mednu-healthcare-app/adminSdkConfig 200
[debug] [2026-06-06T19:13:18.801Z] <<< [apiv2][body] GET https://firebase.googleapis.com/v1beta1/projects/mednu-healthcare-app/adminSdkConfig {"projectId":"mednu-healthcare-app","storageBucket":"mednu-healthcare-app.firebasestorage.app"}
[debug] [2026-06-06T19:13:18.801Z] Checked if tokens are valid: true, expires at: 1780776524981
[debug] [2026-06-06T19:13:18.801Z] Checked if tokens are valid: true, expires at: 1780776524981
[debug] [2026-06-06T19:13:18.801Z] >>> [apiv2][query] GET https://runtimeconfig.googleapis.com/v1beta1/projects/mednu-healthcare-app/configs [none]
[debug] [2026-06-06T19:13:19.198Z] <<< [apiv2][status] GET https://runtimeconfig.googleapis.com/v1beta1/projects/mednu-healthcare-app/configs 200
[debug] [2026-06-06T19:13:19.199Z] <<< [apiv2][body] GET https://runtimeconfig.googleapis.com/v1beta1/projects/mednu-healthcare-app/configs {}
[debug] [2026-06-06T19:13:19.200Z] Validating nodejs source
[warn] !  functions: Runtime Node.js 20 was deprecated on 2026-04-30 and will be decommissioned on 2026-10-30, after which you will not be able to deploy without upgrading. Consider upgrading now to avoid disruption. See https://cloud.google.com/functions/docs/runtime-support for full details on the lifecycle policy 
[warn] !  functions: package.json indicates an outdated version of firebase-functions. Please upgrade using npm install --save firebase-functions@latest in your functions directory. 
[warn] !  functions: Please note that there will be breaking changes when you upgrade. 
[debug] [2026-06-06T19:13:21.163Z] > [functions] package.json contents: {
  "name": "mednu-functions",
  "description": "MedNu Firebase Cloud Functions",
  "scripts": {
    "lint": "eslint .",
    "serve": "firebase emulators:start --only functions",
    "shell": "firebase functions:shell",
    "start": "npm run shell",
    "deploy": "firebase deploy --only functions",
    "logs": "firebase functions:log"
  },
  "engines": {
    "node": "20"
  },
  "main": "index.js",
  "dependencies": {
    "firebase-admin": "^12.0.0",
    "firebase-functions": "^4.7.0"
  },
  "devDependencies": {
    "eslint": "^8.15.0",
    "eslint-config-google": "^0.14.0"
  },
  "private": true
}
[debug] [2026-06-06T19:13:21.163Z] Building nodejs source
[info] i  functions: Loading and analyzing source code for codebase default to determine what to deploy 
[info] i  functions: You are using a version of firebase-functions SDK (4.9.0) that does not have support for the newest Firebase Extensions features. Please update firebase-functions SDK to >=5.1.0 to use them correctly 
[debug] [2026-06-06T19:13:21.165Z] Could not find functions.yaml. Must use http discovery
[debug] [2026-06-06T19:13:21.174Z] Found firebase-functions binary at 'C:\Users\nuday\Desktop\var\functions\node_modules\.bin\firebase-functions'
[debug] [2026-06-06T19:13:37.345Z] ----------------------------------------------------------------------
[debug] [2026-06-06T19:13:37.348Z] Command:       C:\Program Files\nodejs\node.exe C:\Users\nuday\AppData\Roaming\npm\node_modules\firebase-tools\lib\bin\firebase.js deploy --only functions
[debug] [2026-06-06T19:13:37.348Z] CLI Version:   15.17.0
[debug] [2026-06-06T19:13:37.348Z] Platform:      win32
[debug] [2026-06-06T19:13:37.348Z] Node Version:  v24.15.0
[debug] [2026-06-06T19:13:37.348Z] Time:          Sun Jun 07 2026 00:43:37 GMT+0530 (India Standard Time)
[debug] [2026-06-06T19:13:37.348Z] ----------------------------------------------------------------------
[debug] 
[debug] [2026-06-06T19:13:38.702Z] > command requires scopes: ["email","openid","https://www.googleapis.com/auth/cloudplatformprojects.readonly","https://www.googleapis.com/auth/firebase","https://www.googleapis.com/auth/cloud-platform"]
[debug] [2026-06-06T19:13:38.702Z] > authorizing via signed-in user (vinayanandharaju215@gmail.com)
[debug] [2026-06-06T19:13:38.702Z] [iam] checking project mednu-healthcare-app for permissions ["cloudfunctions.functions.create","cloudfunctions.functions.delete","cloudfunctions.functions.get","cloudfunctions.functions.list","cloudfunctions.functions.update","cloudfunctions.operations.get","firebase.projects.get"]
[debug] [2026-06-06T19:13:38.703Z] Checked if tokens are valid: true, expires at: 1780776524981
[debug] [2026-06-06T19:13:38.703Z] Checked if tokens are valid: true, expires at: 1780776524981
[debug] [2026-06-06T19:13:38.704Z] >>> [apiv2][query] POST https://cloudresourcemanager.googleapis.com/v1/projects/mednu-healthcare-app:testIamPermissions [none]
[debug] [2026-06-06T19:13:38.704Z] >>> [apiv2][(partial)header] POST https://cloudresourcemanager.googleapis.com/v1/projects/mednu-healthcare-app:testIamPermissions  x-goog-user-project=mednu-healthcare-app
[debug] [2026-06-06T19:13:38.704Z] >>> [apiv2][body] POST https://cloudresourcemanager.googleapis.com/v1/projects/mednu-healthcare-app:testIamPermissions {"permissions":["cloudfunctions.functions.create","cloudfunctions.functions.delete","cloudfunctions.functions.get","cloudfunctions.functions.list","cloudfunctions.functions.update","cloudfunctions.operations.get","firebase.projects.get"]}
[debug] [2026-06-06T19:13:40.135Z] <<< [apiv2][status] POST https://cloudresourcemanager.googleapis.com/v1/projects/mednu-healthcare-app:testIamPermissions 200
[debug] [2026-06-06T19:13:40.136Z] <<< [apiv2][body] POST https://cloudresourcemanager.googleapis.com/v1/projects/mednu-healthcare-app:testIamPermissions {"permissions":["cloudfunctions.functions.create","cloudfunctions.functions.delete","cloudfunctions.functions.get","cloudfunctions.functions.list","cloudfunctions.functions.update","cloudfunctions.operations.get","firebase.projects.get"]}
[debug] [2026-06-06T19:13:40.137Z] Checked if tokens are valid: true, expires at: 1780776524981
[debug] [2026-06-06T19:13:40.137Z] Checked if tokens are valid: true, expires at: 1780776524981
[debug] [2026-06-06T19:13:40.137Z] >>> [apiv2][query] POST https://iam.googleapis.com/v1/projects/mednu-healthcare-app/serviceAccounts/mednu-healthcare-app@appspot.gserviceaccount.com:testIamPermissions [none]
[debug] [2026-06-06T19:13:40.137Z] >>> [apiv2][body] POST https://iam.googleapis.com/v1/projects/mednu-healthcare-app/serviceAccounts/mednu-healthcare-app@appspot.gserviceaccount.com:testIamPermissions {"permissions":["iam.serviceAccounts.actAs"]}
[debug] [2026-06-06T19:13:40.510Z] <<< [apiv2][status] POST https://iam.googleapis.com/v1/projects/mednu-healthcare-app/serviceAccounts/mednu-healthcare-app@appspot.gserviceaccount.com:testIamPermissions 200
[debug] [2026-06-06T19:13:40.510Z] <<< [apiv2][body] POST https://iam.googleapis.com/v1/projects/mednu-healthcare-app/serviceAccounts/mednu-healthcare-app@appspot.gserviceaccount.com:testIamPermissions {"permissions":["iam.serviceAccounts.actAs"]}
[info] 
[info] === Deploying to 'mednu-healthcare-app'...
[info] 
[info] i  deploying functions 
[debug] [2026-06-06T19:13:40.517Z] Checked if tokens are valid: true, expires at: 1780776524981
[debug] [2026-06-06T19:13:40.517Z] Checked if tokens are valid: true, expires at: 1780776524981
[debug] [2026-06-06T19:13:40.517Z] >>> [apiv2][query] GET https://cloudresourcemanager.googleapis.com/v1/projects/mednu-healthcare-app [none]
[debug] [2026-06-06T19:13:40.924Z] <<< [apiv2][status] GET https://cloudresourcemanager.googleapis.com/v1/projects/mednu-healthcare-app 200
[debug] [2026-06-06T19:13:40.924Z] <<< [apiv2][body] GET https://cloudresourcemanager.googleapis.com/v1/projects/mednu-healthcare-app {"projectNumber":"1056867138858","projectId":"mednu-healthcare-app","lifecycleState":"ACTIVE","name":"mednu-healthcare-app","labels":{"firebase":"enabled","firebase-core":"disabled"},"createTime":"2026-04-23T08:36:53.560Z"}
[info] i  functions: preparing codebase default for deployment 
[info] i  functions: ensuring required API cloudfunctions.googleapis.com is enabled... 
[info] i  functions: ensuring required API cloudbuild.googleapis.com is enabled... 
[info] i  artifactregistry: ensuring required API artifactregistry.googleapis.com is enabled... 
[debug] [2026-06-06T19:13:40.929Z] Checked if tokens are valid: true, expires at: 1780776524981
[debug] [2026-06-06T19:13:40.929Z] Checked if tokens are valid: true, expires at: 1780776524981
[debug] [2026-06-06T19:13:40.929Z] >>> [apiv2][query] GET https://firebase.googleapis.com/v1beta1/projects/mednu-healthcare-app/adminSdkConfig [none]
[debug] [2026-06-06T19:13:41.843Z] <<< [apiv2][status] GET https://firebase.googleapis.com/v1beta1/projects/mednu-healthcare-app/adminSdkConfig 200
[debug] [2026-06-06T19:13:41.843Z] <<< [apiv2][body] GET https://firebase.googleapis.com/v1beta1/projects/mednu-healthcare-app/adminSdkConfig {"projectId":"mednu-healthcare-app","storageBucket":"mednu-healthcare-app.firebasestorage.app"}
[debug] [2026-06-06T19:13:41.844Z] Checked if tokens are valid: true, expires at: 1780776524981
[debug] [2026-06-06T19:13:41.845Z] Checked if tokens are valid: true, expires at: 1780776524981
[debug] [2026-06-06T19:13:41.845Z] >>> [apiv2][query] GET https://runtimeconfig.googleapis.com/v1beta1/projects/mednu-healthcare-app/configs [none]
[debug] [2026-06-06T19:13:42.250Z] <<< [apiv2][status] GET https://runtimeconfig.googleapis.com/v1beta1/projects/mednu-healthcare-app/configs 200
[debug] [2026-06-06T19:13:42.251Z] <<< [apiv2][body] GET https://runtimeconfig.googleapis.com/v1beta1/projects/mednu-healthcare-app/configs {}
[debug] [2026-06-06T19:13:42.254Z] Validating nodejs source
[warn] !  functions: Runtime Node.js 20 was deprecated on 2026-04-30 and will be decommissioned on 2026-10-30, after which you will not be able to deploy without upgrading. Consider upgrading now to avoid disruption. See https://cloud.google.com/functions/docs/runtime-support for full details on the lifecycle policy 
[warn] !  functions: package.json indicates an outdated version of firebase-functions. Please upgrade using npm install --save firebase-functions@latest in your functions directory. 
[warn] !  functions: Please note that there will be breaking changes when you upgrade. 
[debug] [2026-06-06T19:13:43.119Z] > [functions] package.json contents: {
  "name": "mednu-functions",
  "description": "MedNu Firebase Cloud Functions",
  "scripts": {
    "lint": "eslint .",
    "serve": "firebase emulators:start --only functions",
    "shell": "firebase functions:shell",
    "start": "npm run shell",
    "deploy": "firebase deploy --only functions",
    "logs": "firebase functions:log"
  },
  "engines": {
    "node": "20"
  },
  "main": "index.js",
  "dependencies": {
    "firebase-admin": "^12.0.0",
    "firebase-functions": "^4.7.0"
  },
  "devDependencies": {
    "eslint": "^8.15.0",
    "eslint-config-google": "^0.14.0"
  },
  "private": true
}
[debug] [2026-06-06T19:13:43.119Z] Building nodejs source
[info] i  functions: Loading and analyzing source code for codebase default to determine what to deploy 
[info] i  functions: You are using a version of firebase-functions SDK (4.9.0) that does not have support for the newest Firebase Extensions features. Please update firebase-functions SDK to >=5.1.0 to use them correctly 
[debug] [2026-06-06T19:13:43.120Z] Could not find functions.yaml. Must use http discovery
[debug] [2026-06-06T19:13:43.128Z] Found firebase-functions binary at 'C:\Users\nuday\Desktop\var\functions\node_modules\.bin\firebase-functions'
[info] Serving at port 8405

[debug] [2026-06-06T19:13:43.618Z] Got response from /__/functions.yaml {"endpoints":{"onNewConsultation":{"availableMemoryMb":null,"timeoutSeconds":null,"minInstances":null,"maxInstances":null,"ingressSettings":null,"concurrency":null,"serviceAccountEmail":null,"vpc":null,"platform":"gcfv2","labels":{},"eventTrigger":{"eventType":"google.cloud.firestore.document.v1.created","eventFilters":{"database":"(default)","namespace":"(default)"},"eventFilterPathPatterns":{"document":"consultations/{consultationId}"},"retry":false},"entryPoint":"onNewConsultation"},"onReviewCreated":{"availableMemoryMb":null,"timeoutSeconds":null,"minInstances":null,"maxInstances":null,"ingressSettings":null,"concurrency":null,"serviceAccountEmail":null,"vpc":null,"platform":"gcfv2","labels":{},"eventTrigger":{"eventType":"google.cloud.firestore.document.v1.created","eventFilters":{"database":"(default)","namespace":"(default)"},"eventFilterPathPatterns":{"document":"doctor_reviews/{reviewId}"},"retry":false},"entryPoint":"onReviewCreated"},"onAppointmentCompleted":{"availableMemoryMb":null,"timeoutSeconds":null,"minInstances":null,"maxInstances":null,"ingressSettings":null,"concurrency":null,"serviceAccountEmail":null,"vpc":null,"platform":"gcfv2","labels":{},"eventTrigger":{"eventType":"google.cloud.firestore.document.v1.updated","eventFilters":{"database":"(default)","namespace":"(default)"},"eventFilterPathPatterns":{"document":"appointments/{appointmentId}"},"retry":false},"entryPoint":"onAppointmentCompleted"},"onSeriousComplaint":{"availableMemoryMb":null,"timeoutSeconds":null,"minInstances":null,"maxInstances":null,"ingressSettings":null,"concurrency":null,"serviceAccountEmail":null,"vpc":null,"platform":"gcfv2","labels":{},"eventTrigger":{"eventType":"google.cloud.firestore.document.v1.created","eventFilters":{"database":"(default)","namespace":"(default)"},"eventFilterPathPatterns":{"document":"serious_complaints/{complaintId}"},"retry":false},"entryPoint":"onSeriousComplaint"},"generateWeeklyQualityReport":{"availableMemoryMb":null,"timeoutSeconds":null,"minInstances":null,"maxInstances":null,"ingressSettings":null,"concurrency":null,"serviceAccountEmail":null,"vpc":null,"platform":"gcfv2","labels":{},"scheduleTrigger":{"schedule":"0 8 * * 1","retryConfig":{},"timeZone":"Asia/Kolkata"},"entryPoint":"generateWeeklyQualityReport"},"onManualReportTrigger":{"availableMemoryMb":null,"timeoutSeconds":null,"minInstances":null,"maxInstances":null,"ingressSettings":null,"concurrency":null,"serviceAccountEmail":null,"vpc":null,"platform":"gcfv2","labels":{},"eventTrigger":{"eventType":"google.cloud.firestore.document.v1.created","eventFilters":{"database":"(default)","namespace":"(default)"},"eventFilterPathPatterns":{"document":"report_triggers/{triggerId}"},"retry":false},"entryPoint":"onManualReportTrigger"},"onConsultationStatusChange":{"availableMemoryMb":null,"timeoutSeconds":null,"minInstances":null,"maxInstances":null,"ingressSettings":null,"concurrency":null,"serviceAccountEmail":null,"vpc":null,"platform":"gcfv2","labels":{},"eventTrigger":{"eventType":"google.cloud.firestore.document.v1.updated","eventFilters":{"database":"(default)","namespace":"(default)"},"eventFilterPathPatterns":{"document":"consultations/{consultationId}"},"retry":false},"entryPoint":"onConsultationStatusChange"},"expireStaleConsultations":{"availableMemoryMb":null,"timeoutSeconds":null,"minInstances":null,"maxInstances":null,"ingressSettings":null,"concurrency":null,"serviceAccountEmail":null,"vpc":null,"platform":"gcfv2","labels":{},"scheduleTrigger":{"schedule":"every 2 minutes","retryConfig":{},"timeZone":"UTC"},"entryPoint":"expireStaleConsultations"}},"specVersion":"v1alpha1","requiredAPIs":[{"api":"cloudscheduler.googleapis.com","reason":"Needed for scheduled functions."}]}
[info] i  functions: preparing functions directory for uploading... 
[info] i  functions: packaged C:\Users\nuday\Desktop\var\functions (48.22 KB) for uploading 
[debug] [2026-06-06T19:13:47.728Z] Checked if tokens are valid: true, expires at: 1780776524981
[debug] [2026-06-06T19:13:47.728Z] Checked if tokens are valid: true, expires at: 1780776524981
[debug] [2026-06-06T19:13:47.728Z] >>> [apiv2][query] GET https://cloudfunctions.googleapis.com/v1/projects/mednu-healthcare-app/locations/-/functions [none]
[debug] [2026-06-06T19:13:48.708Z] <<< [apiv2][status] GET https://cloudfunctions.googleapis.com/v1/projects/mednu-healthcare-app/locations/-/functions 200
[debug] [2026-06-06T19:13:48.708Z] <<< [apiv2][body] GET https://cloudfunctions.googleapis.com/v1/projects/mednu-healthcare-app/locations/-/functions {}
[debug] [2026-06-06T19:13:48.709Z] Checked if tokens are valid: true, expires at: 1780776524981
[debug] [2026-06-06T19:13:48.709Z] Checked if tokens are valid: true, expires at: 1780776524981
[debug] [2026-06-06T19:13:48.709Z] >>> [apiv2][query] GET https://cloudfunctions.googleapis.com/v2/projects/mednu-healthcare-app/locations/-/functions filter=environment%3D%22GEN_2%22
[debug] [2026-06-06T19:13:49.626Z] <<< [apiv2][status] GET https://cloudfunctions.googleapis.com/v2/projects/mednu-healthcare-app/locations/-/functions 200
[debug] [2026-06-06T19:13:49.627Z] <<< [apiv2][body] GET https://cloudfunctions.googleapis.com/v2/projects/mednu-healthcare-app/locations/-/functions {}
[debug] [2026-06-06T19:13:49.628Z] Checked if tokens are valid: true, expires at: 1780776524981
[debug] [2026-06-06T19:13:49.628Z] Checked if tokens are valid: true, expires at: 1780776524981
[debug] [2026-06-06T19:13:49.628Z] >>> [apiv2][query] GET https://firestore.googleapis.com/v1/projects/mednu-healthcare-app/databases/(default) [none]
[debug] [2026-06-06T19:13:49.821Z] <<< [apiv2][status] GET https://firestore.googleapis.com/v1/projects/mednu-healthcare-app/databases/(default) 200
[debug] [2026-06-06T19:13:49.821Z] <<< [apiv2][body] GET https://firestore.googleapis.com/v1/projects/mednu-healthcare-app/databases/(default) {"name":"projects/mednu-healthcare-app/databases/(default)","uid":"9312a901-8b5f-44e0-a667-f81ed14e57e9","createTime":"2026-04-23T08:47:06.734871Z","updateTime":"2026-04-23T08:47:06.734871Z","locationId":"asia-south1","type":"FIRESTORE_NATIVE","concurrencyMode":"PESSIMISTIC","versionRetentionPeriod":"3600s","earliestVersionTime":"2026-06-06T18:13:49.677446Z","appEngineIntegrationMode":"DISABLED","keyPrefix":"j","pointInTimeRecoveryEnablement":"POINT_IN_TIME_RECOVERY_DISABLED","deleteProtectionState":"DELETE_PROTECTION_DISABLED","databaseEdition":"STANDARD","freeTier":true,"realtimeUpdatesMode":"REALTIME_UPDATES_MODE_ENABLED","etag":"IKqQn56p85QDMJyf9oaah5QD"}
[info] i  functions: ensuring required API cloudscheduler.googleapis.com is enabled... 
[info] i  functions: ensuring required API run.googleapis.com is enabled... 
[info] i  functions: ensuring required API eventarc.googleapis.com is enabled... 
[info] i  functions: ensuring required API pubsub.googleapis.com is enabled... 
[info] i  functions: ensuring required API storage.googleapis.com is enabled... 
[info] i  functions: generating the service identity for pubsub.googleapis.com... 
[debug] [2026-06-06T19:13:49.829Z] Checked if tokens are valid: true, expires at: 1780776524981
[debug] [2026-06-06T19:13:49.829Z] Checked if tokens are valid: true, expires at: 1780776524981
[info] i  functions: generating the service identity for eventarc.googleapis.com... 
[debug] [2026-06-06T19:13:49.830Z] Checked if tokens are valid: true, expires at: 1780776524981
[debug] [2026-06-06T19:13:49.830Z] Checked if tokens are valid: true, expires at: 1780776524981
[debug] [2026-06-06T19:13:49.830Z] >>> [apiv2][query] POST https://serviceusage.googleapis.com/v1beta1/projects/1056867138858/services/pubsub.googleapis.com:generateServiceIdentity [none]
[debug] [2026-06-06T19:13:49.830Z] >>> [apiv2][(partial)header] POST https://serviceusage.googleapis.com/v1beta1/projects/1056867138858/services/pubsub.googleapis.com:generateServiceIdentity  x-goog-user-project=1056867138858
[debug] [2026-06-06T19:13:49.830Z] >>> [apiv2][body] POST https://serviceusage.googleapis.com/v1beta1/projects/1056867138858/services/pubsub.googleapis.com:generateServiceIdentity {}
[debug] [2026-06-06T19:13:49.832Z] >>> [apiv2][query] POST https://serviceusage.googleapis.com/v1beta1/projects/1056867138858/services/eventarc.googleapis.com:generateServiceIdentity [none]
[debug] [2026-06-06T19:13:49.832Z] >>> [apiv2][(partial)header] POST https://serviceusage.googleapis.com/v1beta1/projects/1056867138858/services/eventarc.googleapis.com:generateServiceIdentity  x-goog-user-project=1056867138858
[debug] [2026-06-06T19:13:49.832Z] >>> [apiv2][body] POST https://serviceusage.googleapis.com/v1beta1/projects/1056867138858/services/eventarc.googleapis.com:generateServiceIdentity {}
[debug] [2026-06-06T19:13:51.665Z] <<< [apiv2][status] POST https://serviceusage.googleapis.com/v1beta1/projects/1056867138858/services/eventarc.googleapis.com:generateServiceIdentity 200
[debug] [2026-06-06T19:13:51.666Z] <<< [apiv2][body] POST https://serviceusage.googleapis.com/v1beta1/projects/1056867138858/services/eventarc.googleapis.com:generateServiceIdentity {"name":"operations/finished.DONE_OPERATION","done":true,"response":{"@type":"type.googleapis.com/google.api.serviceusage.v1beta1.ServiceIdentity","email":"service-1056867138858@gcp-sa-eventarc.iam.gserviceaccount.com","uniqueId":"109509284666185579987"}}
[debug] [2026-06-06T19:13:51.735Z] <<< [apiv2][status] POST https://serviceusage.googleapis.com/v1beta1/projects/1056867138858/services/pubsub.googleapis.com:generateServiceIdentity 200
[debug] [2026-06-06T19:13:51.736Z] <<< [apiv2][body] POST https://serviceusage.googleapis.com/v1beta1/projects/1056867138858/services/pubsub.googleapis.com:generateServiceIdentity {"name":"operations/finished.DONE_OPERATION","done":true,"response":{"@type":"type.googleapis.com/google.api.serviceusage.v1beta1.ServiceIdentity","email":"service-1056867138858@gcp-sa-pubsub.iam.gserviceaccount.com","uniqueId":"107229848067941208661"}}
[debug] [2026-06-06T19:13:51.739Z] Checked if tokens are valid: true, expires at: 1780776524981
[debug] [2026-06-06T19:13:51.740Z] Checked if tokens are valid: true, expires at: 1780776524981
[debug] [2026-06-06T19:13:51.740Z] >>> [apiv2][query] GET https://compute.googleapis.com/compute/v1/projects/1056867138858 [none]
[debug] [2026-06-06T19:13:52.183Z] <<< [apiv2][status] GET https://compute.googleapis.com/compute/v1/projects/1056867138858 403
[debug] [2026-06-06T19:13:52.183Z] <<< [apiv2][body] GET https://compute.googleapis.com/compute/v1/projects/1056867138858 {"error":{"code":403,"message":"Compute Engine API has not been used in project 1056867138858 before or it is disabled. Enable it by visiting https://console.developers.google.com/apis/api/compute.googleapis.com/overview?project=1056867138858 then retry. If you enabled this API recently, wait a few minutes for the action to propagate to our systems and retry.","errors":[{"message":"Compute Engine API has not been used in project 1056867138858 before or it is disabled. Enable it by visiting https://console.developers.google.com/apis/api/compute.googleapis.com/overview?project=1056867138858 then retry. If you enabled this API recently, wait a few minutes for the action to propagate to our systems and retry.","domain":"usageLimits","reason":"accessNotConfigured","extendedHelp":"https://console.developers.google.com"}],"status":"PERMISSION_DENIED","details":[{"@type":"type.googleapis.com/google.rpc.ErrorInfo","reason":"SERVICE_DISABLED","domain":"googleapis.com","metadata":{"service":"compute.googleapis.com","consumer":"projects/1056867138858","serviceTitle":"Compute Engine API","activationUrl":"https://console.developers.google.com/apis/api/compute.googleapis.com/overview?project=1056867138858","containerInfo":"1056867138858"}},{"@type":"type.googleapis.com/google.rpc.LocalizedMessage","locale":"en-US","message":"Compute Engine API has not been used in project 1056867138858 before or it is disabled. Enable it by visiting https://console.developers.google.com/apis/api/compute.googleapis.com/overview?project=1056867138858 then retry. If you enabled this API recently, wait a few minutes for the action to propagate to our systems and retry."},{"@type":"type.googleapis.com/google.rpc.Help","links":[{"description":"Google developers console API activation","url":"https://console.developers.google.com/apis/api/compute.googleapis.com/overview?project=1056867138858"}]}]}}
[debug] [2026-06-06T19:13:52.184Z] unable to look up default compute service account. Falling back to 1056867138858-compute@developer.gserviceaccount.com. Error: {"name":"FirebaseError","children":[],"context":{"body":{"error":{"code":403,"message":"Compute Engine API has not been used in project 1056867138858 before or it is disabled. Enable it by visiting https://console.developers.google.com/apis/api/compute.googleapis.com/overview?project=1056867138858 then retry. If you enabled this API recently, wait a few minutes for the action to propagate to our systems and retry.","errors":[{"message":"Compute Engine API has not been used in project 1056867138858 before or it is disabled. Enable it by visiting https://console.developers.google.com/apis/api/compute.googleapis.com/overview?project=1056867138858 then retry. If you enabled this API recently, wait a few minutes for the action to propagate to our systems and retry.","domain":"usageLimits","reason":"accessNotConfigured","extendedHelp":"https://console.developers.google.com"}],"status":"PERMISSION_DENIED","details":[{"@type":"type.googleapis.com/google.rpc.ErrorInfo","reason":"SERVICE_DISABLED","domain":"googleapis.com","metadata":{"service":"compute.googleapis.com","consumer":"projects/1056867138858","serviceTitle":"Compute Engine API","activationUrl":"https://console.developers.google.com/apis/api/compute.googleapis.com/overview?project=1056867138858","containerInfo":"1056867138858"}},{"@type":"type.googleapis.com/google.rpc.LocalizedMessage","locale":"en-US","message":"Compute Engine API has not been used in project 1056867138858 before or it is disabled. Enable it by visiting https://console.developers.google.com/apis/api/compute.googleapis.com/overview?project=1056867138858 then retry. If you enabled this API recently, wait a few minutes for the action to propagate to our systems and retry."},{"@type":"type.googleapis.com/google.rpc.Help","links":[{"description":"Google developers console API activation","url":"https://console.developers.google.com/apis/api/compute.googleapis.com/overview?project=1056867138858"}]}]}},"response":{"statusCode":403}},"exit":1,"message":"Request to https://compute.googleapis.com/compute/v1/projects/1056867138858 had HTTP Error: 403, Compute Engine API has not been used in project 1056867138858 before or it is disabled. Enable it by visiting https://console.developers.google.com/apis/api/compute.googleapis.com/overview?project=1056867138858 then retry. If you enabled this API recently, wait a few minutes for the action to propagate to our systems and retry.","status":403}
[debug] [2026-06-06T19:13:52.185Z] Checked if tokens are valid: true, expires at: 1780776524981
[debug] [2026-06-06T19:13:52.185Z] Checked if tokens are valid: true, expires at: 1780776524981
[debug] [2026-06-06T19:13:52.185Z] >>> [apiv2][query] POST https://cloudresourcemanager.googleapis.com/v1/projects/1056867138858:getIamPolicy [none]
[debug] [2026-06-06T19:13:53.780Z] <<< [apiv2][status] POST https://cloudresourcemanager.googleapis.com/v1/projects/1056867138858:getIamPolicy 200
[debug] [2026-06-06T19:13:53.780Z] <<< [apiv2][body] POST https://cloudresourcemanager.googleapis.com/v1/projects/1056867138858:getIamPolicy {"version":1,"etag":"BwZTmocem+I=","bindings":[{"role":"roles/cloudbuild.builds.builder","members":["serviceAccount:1056867138858@cloudbuild.gserviceaccount.com"]},{"role":"roles/cloudbuild.serviceAgent","members":["serviceAccount:service-1056867138858@gcp-sa-cloudbuild.iam.gserviceaccount.com"]},{"role":"roles/cloudfunctions.serviceAgent","members":["serviceAccount:service-1056867138858@gcf-admin-robot.iam.gserviceaccount.com"]},{"role":"roles/cloudscheduler.serviceAgent","members":["serviceAccount:service-1056867138858@gcp-sa-cloudscheduler.iam.gserviceaccount.com"]},{"role":"roles/containerregistry.ServiceAgent","members":["serviceAccount:service-1056867138858@containerregistry.iam.gserviceaccount.com"]},{"role":"roles/editor","members":["serviceAccount:mednu-healthcare-app@appspot.gserviceaccount.com","serviceAccount:1056867138858-compute@developer.gserviceaccount.com"]},{"role":"roles/firebase.managementServiceAgent","members":["serviceAccount:service-1056867138858@gcp-sa-firebase.iam.gserviceaccount.com"]},{"role":"roles/firebase.sdkAdminServiceAgent","members":["serviceAccount:firebase-adminsdk-fbsvc@mednu-healthcare-app.iam.gserviceaccount.com"]},{"role":"roles/firebaseauth.admin","members":["serviceAccount:firebase-adminsdk-fbsvc@mednu-healthcare-app.iam.gserviceaccount.com"]},{"role":"roles/firebaserules.system","members":["serviceAccount:service-1056867138858@firebase-rules.iam.gserviceaccount.com"]},{"role":"roles/firebasestorage.serviceAgent","members":["serviceAccount:service-1056867138858@gcp-sa-firebasestorage.iam.gserviceaccount.com"]},{"role":"roles/firestore.serviceAgent","members":["serviceAccount:service-1056867138858@gcp-sa-firestore.iam.gserviceaccount.com"]},{"role":"roles/iam.serviceAccountTokenCreator","members":["serviceAccount:firebase-adminsdk-fbsvc@mednu-healthcare-app.iam.gserviceaccount.com"]},{"role":"roles/owner","members":["user:mednuapp@gmail.com","user:vinayanandharaju215@gmail.com"]},{"role":"roles/run.serviceAgent","members":["serviceAccount:service-1056867138858@serverless-robot-prod.iam.gserviceaccount.com"]},{"role":"roles/storage.admin","members":["serviceAccount:firebase-adminsdk-fbsvc@mednu-healthcare-app.iam.gserviceaccount.com"]}]}
[debug] [2026-06-06T19:13:53.780Z] Checked if tokens are valid: true, expires at: 1780776524981
[debug] [2026-06-06T19:13:53.781Z] Checked if tokens are valid: true, expires at: 1780776524981
[debug] [2026-06-06T19:13:53.781Z] >>> [apiv2][query] POST https://cloudresourcemanager.googleapis.com/v1/projects/1056867138858:setIamPolicy [none]
[debug] [2026-06-06T19:13:53.781Z] >>> [apiv2][body] POST https://cloudresourcemanager.googleapis.com/v1/projects/1056867138858:setIamPolicy {"policy":{"version":1,"etag":"BwZTmocem+I=","bindings":[{"role":"roles/cloudbuild.builds.builder","members":["serviceAccount:1056867138858@cloudbuild.gserviceaccount.com"]},{"role":"roles/cloudbuild.serviceAgent","members":["serviceAccount:service-1056867138858@gcp-sa-cloudbuild.iam.gserviceaccount.com"]},{"role":"roles/cloudfunctions.serviceAgent","members":["serviceAccount:service-1056867138858@gcf-admin-robot.iam.gserviceaccount.com"]},{"role":"roles/cloudscheduler.serviceAgent","members":["serviceAccount:service-1056867138858@gcp-sa-cloudscheduler.iam.gserviceaccount.com"]},{"role":"roles/containerregistry.ServiceAgent","members":["serviceAccount:service-1056867138858@containerregistry.iam.gserviceaccount.com"]},{"role":"roles/editor","members":["serviceAccount:mednu-healthcare-app@appspot.gserviceaccount.com","serviceAccount:1056867138858-compute@developer.gserviceaccount.com"]},{"role":"roles/firebase.managementServiceAgent","members":["serviceAccount:service-1056867138858@gcp-sa-firebase.iam.gserviceaccount.com"]},{"role":"roles/firebase.sdkAdminServiceAgent","members":["serviceAccount:firebase-adminsdk-fbsvc@mednu-healthcare-app.iam.gserviceaccount.com"]},{"role":"roles/firebaseauth.admin","members":["serviceAccount:firebase-adminsdk-fbsvc@mednu-healthcare-app.iam.gserviceaccount.com"]},{"role":"roles/firebaserules.system","members":["serviceAccount:service-1056867138858@firebase-rules.iam.gserviceaccount.com"]},{"role":"roles/firebasestorage.serviceAgent","members":["serviceAccount:service-1056867138858@gcp-sa-firebasestorage.iam.gserviceaccount.com"]},{"role":"roles/firestore.serviceAgent","members":["serviceAccount:service-1056867138858@gcp-sa-firestore.iam.gserviceaccount.com"]},{"role":"roles/iam.serviceAccountTokenCreator","members":["serviceAccount:firebase-adminsdk-fbsvc@mednu-healthcare-app.iam.gserviceaccount.com","serviceAccount:service-1056867138858@gcp-sa-pubsub.iam.gserviceaccount.com"]},{"role":"roles/owner","members":["user:mednuapp@gmail.com","user:vinayanandharaju215@gmail.com"]},{"role":"roles/run.serviceAgent","members":["serviceAccount:service-1056867138858@serverless-robot-prod.iam.gserviceaccount.com"]},{"role":"roles/storage.admin","members":["serviceAccount:firebase-adminsdk-fbsvc@mednu-healthcare-app.iam.gserviceaccount.com"]},{"role":"roles/run.invoker","members":["serviceAccount:1056867138858-compute@developer.gserviceaccount.com"]},{"role":"roles/eventarc.eventReceiver","members":["serviceAccount:1056867138858-compute@developer.gserviceaccount.com"]}]},"updateMask":"bindings"}
[debug] [2026-06-06T19:13:54.855Z] <<< [apiv2][status] POST https://cloudresourcemanager.googleapis.com/v1/projects/1056867138858:setIamPolicy 200
[debug] [2026-06-06T19:13:54.856Z] <<< [apiv2][body] POST https://cloudresourcemanager.googleapis.com/v1/projects/1056867138858:setIamPolicy {"version":1,"etag":"BwZTmpQSlyY=","bindings":[{"role":"roles/cloudbuild.builds.builder","members":["serviceAccount:1056867138858@cloudbuild.gserviceaccount.com"]},{"role":"roles/cloudbuild.serviceAgent","members":["serviceAccount:service-1056867138858@gcp-sa-cloudbuild.iam.gserviceaccount.com"]},{"role":"roles/cloudfunctions.serviceAgent","members":["serviceAccount:service-1056867138858@gcf-admin-robot.iam.gserviceaccount.com"]},{"role":"roles/cloudscheduler.serviceAgent","members":["serviceAccount:service-1056867138858@gcp-sa-cloudscheduler.iam.gserviceaccount.com"]},{"role":"roles/containerregistry.ServiceAgent","members":["serviceAccount:service-1056867138858@containerregistry.iam.gserviceaccount.com"]},{"role":"roles/editor","members":["serviceAccount:1056867138858-compute@developer.gserviceaccount.com","serviceAccount:mednu-healthcare-app@appspot.gserviceaccount.com"]},{"role":"roles/eventarc.eventReceiver","members":["serviceAccount:1056867138858-compute@developer.gserviceaccount.com"]},{"role":"roles/firebase.managementServiceAgent","members":["serviceAccount:service-1056867138858@gcp-sa-firebase.iam.gserviceaccount.com"]},{"role":"roles/firebase.sdkAdminServiceAgent","members":["serviceAccount:firebase-adminsdk-fbsvc@mednu-healthcare-app.iam.gserviceaccount.com"]},{"role":"roles/firebaseauth.admin","members":["serviceAccount:firebase-adminsdk-fbsvc@mednu-healthcare-app.iam.gserviceaccount.com"]},{"role":"roles/firebaserules.system","members":["serviceAccount:service-1056867138858@firebase-rules.iam.gserviceaccount.com"]},{"role":"roles/firebasestorage.serviceAgent","members":["serviceAccount:service-1056867138858@gcp-sa-firebasestorage.iam.gserviceaccount.com"]},{"role":"roles/firestore.serviceAgent","members":["serviceAccount:service-1056867138858@gcp-sa-firestore.iam.gserviceaccount.com"]},{"role":"roles/iam.serviceAccountTokenCreator","members":["serviceAccount:firebase-adminsdk-fbsvc@mednu-healthcare-app.iam.gserviceaccount.com","serviceAccount:service-1056867138858@gcp-sa-pubsub.iam.gserviceaccount.com"]},{"role":"roles/owner","members":["user:mednuapp@gmail.com","user:vinayanandharaju215@gmail.com"]},{"role":"roles/run.invoker","members":["serviceAccount:1056867138858-compute@developer.gserviceaccount.com"]},{"role":"roles/run.serviceAgent","members":["serviceAccount:service-1056867138858@serverless-robot-prod.iam.gserviceaccount.com"]},{"role":"roles/storage.admin","members":["serviceAccount:firebase-adminsdk-fbsvc@mednu-healthcare-app.iam.gserviceaccount.com"]}]}
[debug] [2026-06-06T19:13:54.857Z] Checked if tokens are valid: true, expires at: 1780776524981
[debug] [2026-06-06T19:13:54.857Z] Checked if tokens are valid: true, expires at: 1780776524981
[debug] [2026-06-06T19:13:54.857Z] >>> [apiv2][query] GET https://cloudresourcemanager.googleapis.com/v1/projects/mednu-healthcare-app [none]
[debug] [2026-06-06T19:13:55.256Z] <<< [apiv2][status] GET https://cloudresourcemanager.googleapis.com/v1/projects/mednu-healthcare-app 200
[debug] [2026-06-06T19:13:55.256Z] <<< [apiv2][body] GET https://cloudresourcemanager.googleapis.com/v1/projects/mednu-healthcare-app {"projectNumber":"1056867138858","projectId":"mednu-healthcare-app","lifecycleState":"ACTIVE","name":"mednu-healthcare-app","labels":{"firebase":"enabled","firebase-core":"disabled"},"createTime":"2026-04-23T08:36:53.560Z"}
[debug] [2026-06-06T19:13:55.256Z] Checked if tokens are valid: true, expires at: 1780776524981
[debug] [2026-06-06T19:13:55.256Z] Checked if tokens are valid: true, expires at: 1780776524981
[debug] [2026-06-06T19:13:55.257Z] >>> [apiv2][query] GET https://compute.googleapis.com/compute/v1/projects/1056867138858 [none]
[debug] [2026-06-06T19:13:55.662Z] <<< [apiv2][status] GET https://compute.googleapis.com/compute/v1/projects/1056867138858 403
[debug] [2026-06-06T19:13:55.662Z] <<< [apiv2][body] GET https://compute.googleapis.com/compute/v1/projects/1056867138858 {"error":{"code":403,"message":"Compute Engine API has not been used in project 1056867138858 before or it is disabled. Enable it by visiting https://console.developers.google.com/apis/api/compute.googleapis.com/overview?project=1056867138858 then retry. If you enabled this API recently, wait a few minutes for the action to propagate to our systems and retry.","errors":[{"message":"Compute Engine API has not been used in project 1056867138858 before or it is disabled. Enable it by visiting https://console.developers.google.com/apis/api/compute.googleapis.com/overview?project=1056867138858 then retry. If you enabled this API recently, wait a few minutes for the action to propagate to our systems and retry.","domain":"usageLimits","reason":"accessNotConfigured","extendedHelp":"https://console.developers.google.com"}],"status":"PERMISSION_DENIED","details":[{"@type":"type.googleapis.com/google.rpc.ErrorInfo","reason":"SERVICE_DISABLED","domain":"googleapis.com","metadata":{"activationUrl":"https://console.developers.google.com/apis/api/compute.googleapis.com/overview?project=1056867138858","containerInfo":"1056867138858","service":"compute.googleapis.com","serviceTitle":"Compute Engine API","consumer":"projects/1056867138858"}},{"@type":"type.googleapis.com/google.rpc.LocalizedMessage","locale":"en-US","message":"Compute Engine API has not been used in project 1056867138858 before or it is disabled. Enable it by visiting https://console.developers.google.com/apis/api/compute.googleapis.com/overview?project=1056867138858 then retry. If you enabled this API recently, wait a few minutes for the action to propagate to our systems and retry."},{"@type":"type.googleapis.com/google.rpc.Help","links":[{"description":"Google developers console API activation","url":"https://console.developers.google.com/apis/api/compute.googleapis.com/overview?project=1056867138858"}]}]}}
[debug] [2026-06-06T19:13:55.662Z] unable to look up default compute service account. Falling back to 1056867138858-compute@developer.gserviceaccount.com. Error: {"name":"FirebaseError","children":[],"context":{"body":{"error":{"code":403,"message":"Compute Engine API has not been used in project 1056867138858 before or it is disabled. Enable it by visiting https://console.developers.google.com/apis/api/compute.googleapis.com/overview?project=1056867138858 then retry. If you enabled this API recently, wait a few minutes for the action to propagate to our systems and retry.","errors":[{"message":"Compute Engine API has not been used in project 1056867138858 before or it is disabled. Enable it by visiting https://console.developers.google.com/apis/api/compute.googleapis.com/overview?project=1056867138858 then retry. If you enabled this API recently, wait a few minutes for the action to propagate to our systems and retry.","domain":"usageLimits","reason":"accessNotConfigured","extendedHelp":"https://console.developers.google.com"}],"status":"PERMISSION_DENIED","details":[{"@type":"type.googleapis.com/google.rpc.ErrorInfo","reason":"SERVICE_DISABLED","domain":"googleapis.com","metadata":{"activationUrl":"https://console.developers.google.com/apis/api/compute.googleapis.com/overview?project=1056867138858","containerInfo":"1056867138858","service":"compute.googleapis.com","serviceTitle":"Compute Engine API","consumer":"projects/1056867138858"}},{"@type":"type.googleapis.com/google.rpc.LocalizedMessage","locale":"en-US","message":"Compute Engine API has not been used in project 1056867138858 before or it is disabled. Enable it by visiting https://console.developers.google.com/apis/api/compute.googleapis.com/overview?project=1056867138858 then retry. If you enabled this API recently, wait a few minutes for the action to propagate to our systems and retry."},{"@type":"type.googleapis.com/google.rpc.Help","links":[{"description":"Google developers console API activation","url":"https://console.developers.google.com/apis/api/compute.googleapis.com/overview?project=1056867138858"}]}]}},"response":{"statusCode":403}},"exit":1,"message":"Request to https://compute.googleapis.com/compute/v1/projects/1056867138858 had HTTP Error: 403, Compute Engine API has not been used in project 1056867138858 before or it is disabled. Enable it by visiting https://console.developers.google.com/apis/api/compute.googleapis.com/overview?project=1056867138858 then retry. If you enabled this API recently, wait a few minutes for the action to propagate to our systems and retry.","status":403}
[debug] [2026-06-06T19:13:55.662Z] Checked if tokens are valid: true, expires at: 1780776524981
[debug] [2026-06-06T19:13:55.662Z] Checked if tokens are valid: true, expires at: 1780776524981
[debug] [2026-06-06T19:13:55.662Z] >>> [apiv2][query] GET https://compute.googleapis.com/compute/v1/projects/1056867138858 [none]
[debug] [2026-06-06T19:13:56.073Z] <<< [apiv2][status] GET https://compute.googleapis.com/compute/v1/projects/1056867138858 403
[debug] [2026-06-06T19:13:56.073Z] <<< [apiv2][body] GET https://compute.googleapis.com/compute/v1/projects/1056867138858 {"error":{"code":403,"message":"Compute Engine API has not been used in project 1056867138858 before or it is disabled. Enable it by visiting https://console.developers.google.com/apis/api/compute.googleapis.com/overview?project=1056867138858 then retry. If you enabled this API recently, wait a few minutes for the action to propagate to our systems and retry.","errors":[{"message":"Compute Engine API has not been used in project 1056867138858 before or it is disabled. Enable it by visiting https://console.developers.google.com/apis/api/compute.googleapis.com/overview?project=1056867138858 then retry. If you enabled this API recently, wait a few minutes for the action to propagate to our systems and retry.","domain":"usageLimits","reason":"accessNotConfigured","extendedHelp":"https://console.developers.google.com"}],"status":"PERMISSION_DENIED","details":[{"@type":"type.googleapis.com/google.rpc.ErrorInfo","reason":"SERVICE_DISABLED","domain":"googleapis.com","metadata":{"serviceTitle":"Compute Engine API","consumer":"projects/1056867138858","activationUrl":"https://console.developers.google.com/apis/api/compute.googleapis.com/overview?project=1056867138858","service":"compute.googleapis.com","containerInfo":"1056867138858"}},{"@type":"type.googleapis.com/google.rpc.LocalizedMessage","locale":"en-US","message":"Compute Engine API has not been used in project 1056867138858 before or it is disabled. Enable it by visiting https://console.developers.google.com/apis/api/compute.googleapis.com/overview?project=1056867138858 then retry. If you enabled this API recently, wait a few minutes for the action to propagate to our systems and retry."},{"@type":"type.googleapis.com/google.rpc.Help","links":[{"description":"Google developers console API activation","url":"https://console.developers.google.com/apis/api/compute.googleapis.com/overview?project=1056867138858"}]}]}}
[debug] [2026-06-06T19:13:56.074Z] unable to look up default compute service account. Falling back to 1056867138858-compute@developer.gserviceaccount.com. Error: {"name":"FirebaseError","children":[],"context":{"body":{"error":{"code":403,"message":"Compute Engine API has not been used in project 1056867138858 before or it is disabled. Enable it by visiting https://console.developers.google.com/apis/api/compute.googleapis.com/overview?project=1056867138858 then retry. If you enabled this API recently, wait a few minutes for the action to propagate to our systems and retry.","errors":[{"message":"Compute Engine API has not been used in project 1056867138858 before or it is disabled. Enable it by visiting https://console.developers.google.com/apis/api/compute.googleapis.com/overview?project=1056867138858 then retry. If you enabled this API recently, wait a few minutes for the action to propagate to our systems and retry.","domain":"usageLimits","reason":"accessNotConfigured","extendedHelp":"https://console.developers.google.com"}],"status":"PERMISSION_DENIED","details":[{"@type":"type.googleapis.com/google.rpc.ErrorInfo","reason":"SERVICE_DISABLED","domain":"googleapis.com","metadata":{"serviceTitle":"Compute Engine API","consumer":"projects/1056867138858","activationUrl":"https://console.developers.google.com/apis/api/compute.googleapis.com/overview?project=1056867138858","service":"compute.googleapis.com","containerInfo":"1056867138858"}},{"@type":"type.googleapis.com/google.rpc.LocalizedMessage","locale":"en-US","message":"Compute Engine API has not been used in project 1056867138858 before or it is disabled. Enable it by visiting https://console.developers.google.com/apis/api/compute.googleapis.com/overview?project=1056867138858 then retry. If you enabled this API recently, wait a few minutes for the action to propagate to our systems and retry."},{"@type":"type.googleapis.com/google.rpc.Help","links":[{"description":"Google developers console API activation","url":"https://console.developers.google.com/apis/api/compute.googleapis.com/overview?project=1056867138858"}]}]}},"response":{"statusCode":403}},"exit":1,"message":"Request to https://compute.googleapis.com/compute/v1/projects/1056867138858 had HTTP Error: 403, Compute Engine API has not been used in project 1056867138858 before or it is disabled. Enable it by visiting https://console.developers.google.com/apis/api/compute.googleapis.com/overview?project=1056867138858 then retry. If you enabled this API recently, wait a few minutes for the action to propagate to our systems and retry.","status":403}
[debug] [2026-06-06T19:13:56.074Z] Checked if tokens are valid: true, expires at: 1780776524981
[debug] [2026-06-06T19:13:56.074Z] Checked if tokens are valid: true, expires at: 1780776524981
[debug] [2026-06-06T19:13:56.074Z] >>> [apiv2][query] GET https://compute.googleapis.com/compute/v1/projects/1056867138858 [none]
[debug] [2026-06-06T19:13:56.393Z] <<< [apiv2][status] GET https://compute.googleapis.com/compute/v1/projects/1056867138858 403
[debug] [2026-06-06T19:13:56.394Z] <<< [apiv2][body] GET https://compute.googleapis.com/compute/v1/projects/1056867138858 {"error":{"code":403,"message":"Compute Engine API has not been used in project 1056867138858 before or it is disabled. Enable it by visiting https://console.developers.google.com/apis/api/compute.googleapis.com/overview?project=1056867138858 then retry. If you enabled this API recently, wait a few minutes for the action to propagate to our systems and retry.","errors":[{"message":"Compute Engine API has not been used in project 1056867138858 before or it is disabled. Enable it by visiting https://console.developers.google.com/apis/api/compute.googleapis.com/overview?project=1056867138858 then retry. If you enabled this API recently, wait a few minutes for the action to propagate to our systems and retry.","domain":"usageLimits","reason":"accessNotConfigured","extendedHelp":"https://console.developers.google.com"}],"status":"PERMISSION_DENIED","details":[{"@type":"type.googleapis.com/google.rpc.ErrorInfo","reason":"SERVICE_DISABLED","domain":"googleapis.com","metadata":{"consumer":"projects/1056867138858","service":"compute.googleapis.com","serviceTitle":"Compute Engine API","activationUrl":"https://console.developers.google.com/apis/api/compute.googleapis.com/overview?project=1056867138858","containerInfo":"1056867138858"}},{"@type":"type.googleapis.com/google.rpc.LocalizedMessage","locale":"en-US","message":"Compute Engine API has not been used in project 1056867138858 before or it is disabled. Enable it by visiting https://console.developers.google.com/apis/api/compute.googleapis.com/overview?project=1056867138858 then retry. If you enabled this API recently, wait a few minutes for the action to propagate to our systems and retry."},{"@type":"type.googleapis.com/google.rpc.Help","links":[{"description":"Google developers console API activation","url":"https://console.developers.google.com/apis/api/compute.googleapis.com/overview?project=1056867138858"}]}]}}
[debug] [2026-06-06T19:13:56.394Z] unable to look up default compute service account. Falling back to 1056867138858-compute@developer.gserviceaccount.com. Error: {"name":"FirebaseError","children":[],"context":{"body":{"error":{"code":403,"message":"Compute Engine API has not been used in project 1056867138858 before or it is disabled. Enable it by visiting https://console.developers.google.com/apis/api/compute.googleapis.com/overview?project=1056867138858 then retry. If you enabled this API recently, wait a few minutes for the action to propagate to our systems and retry.","errors":[{"message":"Compute Engine API has not been used in project 1056867138858 before or it is disabled. Enable it by visiting https://console.developers.google.com/apis/api/compute.googleapis.com/overview?project=1056867138858 then retry. If you enabled this API recently, wait a few minutes for the action to propagate to our systems and retry.","domain":"usageLimits","reason":"accessNotConfigured","extendedHelp":"https://console.developers.google.com"}],"status":"PERMISSION_DENIED","details":[{"@type":"type.googleapis.com/google.rpc.ErrorInfo","reason":"SERVICE_DISABLED","domain":"googleapis.com","metadata":{"consumer":"projects/1056867138858","service":"compute.googleapis.com","serviceTitle":"Compute Engine API","activationUrl":"https://console.developers.google.com/apis/api/compute.googleapis.com/overview?project=1056867138858","containerInfo":"1056867138858"}},{"@type":"type.googleapis.com/google.rpc.LocalizedMessage","locale":"en-US","message":"Compute Engine API has not been used in project 1056867138858 before or it is disabled. Enable it by visiting https://console.developers.google.com/apis/api/compute.googleapis.com/overview?project=1056867138858 then retry. If you enabled this API recently, wait a few minutes for the action to propagate to our systems and retry."},{"@type":"type.googleapis.com/google.rpc.Help","links":[{"description":"Google developers console API activation","url":"https://console.developers.google.com/apis/api/compute.googleapis.com/overview?project=1056867138858"}]}]}},"response":{"statusCode":403}},"exit":1,"message":"Request to https://compute.googleapis.com/compute/v1/projects/1056867138858 had HTTP Error: 403, Compute Engine API has not been used in project 1056867138858 before or it is disabled. Enable it by visiting https://console.developers.google.com/apis/api/compute.googleapis.com/overview?project=1056867138858 then retry. If you enabled this API recently, wait a few minutes for the action to propagate to our systems and retry.","status":403}
[debug] [2026-06-06T19:13:56.394Z] Checked if tokens are valid: true, expires at: 1780776524981
[debug] [2026-06-06T19:13:56.394Z] Checked if tokens are valid: true, expires at: 1780776524981
[debug] [2026-06-06T19:13:56.394Z] >>> [apiv2][query] GET https://compute.googleapis.com/compute/v1/projects/1056867138858 [none]
[debug] [2026-06-06T19:13:56.767Z] <<< [apiv2][status] GET https://compute.googleapis.com/compute/v1/projects/1056867138858 403
[debug] [2026-06-06T19:13:56.767Z] <<< [apiv2][body] GET https://compute.googleapis.com/compute/v1/projects/1056867138858 {"error":{"code":403,"message":"Compute Engine API has not been used in project 1056867138858 before or it is disabled. Enable it by visiting https://console.developers.google.com/apis/api/compute.googleapis.com/overview?project=1056867138858 then retry. If you enabled this API recently, wait a few minutes for the action to propagate to our systems and retry.","errors":[{"message":"Compute Engine API has not been used in project 1056867138858 before or it is disabled. Enable it by visiting https://console.developers.google.com/apis/api/compute.googleapis.com/overview?project=1056867138858 then retry. If you enabled this API recently, wait a few minutes for the action to propagate to our systems and retry.","domain":"usageLimits","reason":"accessNotConfigured","extendedHelp":"https://console.developers.google.com"}],"status":"PERMISSION_DENIED","details":[{"@type":"type.googleapis.com/google.rpc.ErrorInfo","reason":"SERVICE_DISABLED","domain":"googleapis.com","metadata":{"consumer":"projects/1056867138858","containerInfo":"1056867138858","service":"compute.googleapis.com","serviceTitle":"Compute Engine API","activationUrl":"https://console.developers.google.com/apis/api/compute.googleapis.com/overview?project=1056867138858"}},{"@type":"type.googleapis.com/google.rpc.LocalizedMessage","locale":"en-US","message":"Compute Engine API has not been used in project 1056867138858 before or it is disabled. Enable it by visiting https://console.developers.google.com/apis/api/compute.googleapis.com/overview?project=1056867138858 then retry. If you enabled this API recently, wait a few minutes for the action to propagate to our systems and retry."},{"@type":"type.googleapis.com/google.rpc.Help","links":[{"description":"Google developers console API activation","url":"https://console.developers.google.com/apis/api/compute.googleapis.com/overview?project=1056867138858"}]}]}}
[debug] [2026-06-06T19:13:56.767Z] unable to look up default compute service account. Falling back to 1056867138858-compute@developer.gserviceaccount.com. Error: {"name":"FirebaseError","children":[],"context":{"body":{"error":{"code":403,"message":"Compute Engine API has not been used in project 1056867138858 before or it is disabled. Enable it by visiting https://console.developers.google.com/apis/api/compute.googleapis.com/overview?project=1056867138858 then retry. If you enabled this API recently, wait a few minutes for the action to propagate to our systems and retry.","errors":[{"message":"Compute Engine API has not been used in project 1056867138858 before or it is disabled. Enable it by visiting https://console.developers.google.com/apis/api/compute.googleapis.com/overview?project=1056867138858 then retry. If you enabled this API recently, wait a few minutes for the action to propagate to our systems and retry.","domain":"usageLimits","reason":"accessNotConfigured","extendedHelp":"https://console.developers.google.com"}],"status":"PERMISSION_DENIED","details":[{"@type":"type.googleapis.com/google.rpc.ErrorInfo","reason":"SERVICE_DISABLED","domain":"googleapis.com","metadata":{"consumer":"projects/1056867138858","containerInfo":"1056867138858","service":"compute.googleapis.com","serviceTitle":"Compute Engine API","activationUrl":"https://console.developers.google.com/apis/api/compute.googleapis.com/overview?project=1056867138858"}},{"@type":"type.googleapis.com/google.rpc.LocalizedMessage","locale":"en-US","message":"Compute Engine API has not been used in project 1056867138858 before or it is disabled. Enable it by visiting https://console.developers.google.com/apis/api/compute.googleapis.com/overview?project=1056867138858 then retry. If you enabled this API recently, wait a few minutes for the action to propagate to our systems and retry."},{"@type":"type.googleapis.com/google.rpc.Help","links":[{"description":"Google developers console API activation","url":"https://console.developers.google.com/apis/api/compute.googleapis.com/overview?project=1056867138858"}]}]}},"response":{"statusCode":403}},"exit":1,"message":"Request to https://compute.googleapis.com/compute/v1/projects/1056867138858 had HTTP Error: 403, Compute Engine API has not been used in project 1056867138858 before or it is disabled. Enable it by visiting https://console.developers.google.com/apis/api/compute.googleapis.com/overview?project=1056867138858 then retry. If you enabled this API recently, wait a few minutes for the action to propagate to our systems and retry.","status":403}
[debug] [2026-06-06T19:13:56.767Z] Checked if tokens are valid: true, expires at: 1780776524981
[debug] [2026-06-06T19:13:56.767Z] Checked if tokens are valid: true, expires at: 1780776524981
[debug] [2026-06-06T19:13:56.768Z] >>> [apiv2][query] GET https://compute.googleapis.com/compute/v1/projects/1056867138858 [none]
[debug] [2026-06-06T19:13:57.097Z] <<< [apiv2][status] GET https://compute.googleapis.com/compute/v1/projects/1056867138858 403
[debug] [2026-06-06T19:13:57.097Z] <<< [apiv2][body] GET https://compute.googleapis.com/compute/v1/projects/1056867138858 {"error":{"code":403,"message":"Compute Engine API has not been used in project 1056867138858 before or it is disabled. Enable it by visiting https://console.developers.google.com/apis/api/compute.googleapis.com/overview?project=1056867138858 then retry. If you enabled this API recently, wait a few minutes for the action to propagate to our systems and retry.","errors":[{"message":"Compute Engine API has not been used in project 1056867138858 before or it is disabled. Enable it by visiting https://console.developers.google.com/apis/api/compute.googleapis.com/overview?project=1056867138858 then retry. If you enabled this API recently, wait a few minutes for the action to propagate to our systems and retry.","domain":"usageLimits","reason":"accessNotConfigured","extendedHelp":"https://console.developers.google.com"}],"status":"PERMISSION_DENIED","details":[{"@type":"type.googleapis.com/google.rpc.ErrorInfo","reason":"SERVICE_DISABLED","domain":"googleapis.com","metadata":{"activationUrl":"https://console.developers.google.com/apis/api/compute.googleapis.com/overview?project=1056867138858","containerInfo":"1056867138858","consumer":"projects/1056867138858","service":"compute.googleapis.com","serviceTitle":"Compute Engine API"}},{"@type":"type.googleapis.com/google.rpc.LocalizedMessage","locale":"en-US","message":"Compute Engine API has not been used in project 1056867138858 before or it is disabled. Enable it by visiting https://console.developers.google.com/apis/api/compute.googleapis.com/overview?project=1056867138858 then retry. If you enabled this API recently, wait a few minutes for the action to propagate to our systems and retry."},{"@type":"type.googleapis.com/google.rpc.Help","links":[{"description":"Google developers console API activation","url":"https://console.developers.google.com/apis/api/compute.googleapis.com/overview?project=1056867138858"}]}]}}
[debug] [2026-06-06T19:13:57.098Z] unable to look up default compute service account. Falling back to 1056867138858-compute@developer.gserviceaccount.com. Error: {"name":"FirebaseError","children":[],"context":{"body":{"error":{"code":403,"message":"Compute Engine API has not been used in project 1056867138858 before or it is disabled. Enable it by visiting https://console.developers.google.com/apis/api/compute.googleapis.com/overview?project=1056867138858 then retry. If you enabled this API recently, wait a few minutes for the action to propagate to our systems and retry.","errors":[{"message":"Compute Engine API has not been used in project 1056867138858 before or it is disabled. Enable it by visiting https://console.developers.google.com/apis/api/compute.googleapis.com/overview?project=1056867138858 then retry. If you enabled this API recently, wait a few minutes for the action to propagate to our systems and retry.","domain":"usageLimits","reason":"accessNotConfigured","extendedHelp":"https://console.developers.google.com"}],"status":"PERMISSION_DENIED","details":[{"@type":"type.googleapis.com/google.rpc.ErrorInfo","reason":"SERVICE_DISABLED","domain":"googleapis.com","metadata":{"activationUrl":"https://console.developers.google.com/apis/api/compute.googleapis.com/overview?project=1056867138858","containerInfo":"1056867138858","consumer":"projects/1056867138858","service":"compute.googleapis.com","serviceTitle":"Compute Engine API"}},{"@type":"type.googleapis.com/google.rpc.LocalizedMessage","locale":"en-US","message":"Compute Engine API has not been used in project 1056867138858 before or it is disabled. Enable it by visiting https://console.developers.google.com/apis/api/compute.googleapis.com/overview?project=1056867138858 then retry. If you enabled this API recently, wait a few minutes for the action to propagate to our systems and retry."},{"@type":"type.googleapis.com/google.rpc.Help","links":[{"description":"Google developers console API activation","url":"https://console.developers.google.com/apis/api/compute.googleapis.com/overview?project=1056867138858"}]}]}},"response":{"statusCode":403}},"exit":1,"message":"Request to https://compute.googleapis.com/compute/v1/projects/1056867138858 had HTTP Error: 403, Compute Engine API has not been used in project 1056867138858 before or it is disabled. Enable it by visiting https://console.developers.google.com/apis/api/compute.googleapis.com/overview?project=1056867138858 then retry. If you enabled this API recently, wait a few minutes for the action to propagate to our systems and retry.","status":403}
[debug] [2026-06-06T19:13:57.098Z] Checked if tokens are valid: true, expires at: 1780776524981
[debug] [2026-06-06T19:13:57.098Z] Checked if tokens are valid: true, expires at: 1780776524981
[debug] [2026-06-06T19:13:57.099Z] >>> [apiv2][query] GET https://compute.googleapis.com/compute/v1/projects/1056867138858 [none]
[debug] [2026-06-06T19:13:57.472Z] <<< [apiv2][status] GET https://compute.googleapis.com/compute/v1/projects/1056867138858 403
[debug] [2026-06-06T19:13:57.472Z] <<< [apiv2][body] GET https://compute.googleapis.com/compute/v1/projects/1056867138858 {"error":{"code":403,"message":"Compute Engine API has not been used in project 1056867138858 before or it is disabled. Enable it by visiting https://console.developers.google.com/apis/api/compute.googleapis.com/overview?project=1056867138858 then retry. If you enabled this API recently, wait a few minutes for the action to propagate to our systems and retry.","errors":[{"message":"Compute Engine API has not been used in project 1056867138858 before or it is disabled. Enable it by visiting https://console.developers.google.com/apis/api/compute.googleapis.com/overview?project=1056867138858 then retry. If you enabled this API recently, wait a few minutes for the action to propagate to our systems and retry.","domain":"usageLimits","reason":"accessNotConfigured","extendedHelp":"https://console.developers.google.com"}],"status":"PERMISSION_DENIED","details":[{"@type":"type.googleapis.com/google.rpc.ErrorInfo","reason":"SERVICE_DISABLED","domain":"googleapis.com","metadata":{"service":"compute.googleapis.com","activationUrl":"https://console.developers.google.com/apis/api/compute.googleapis.com/overview?project=1056867138858","consumer":"projects/1056867138858","containerInfo":"1056867138858","serviceTitle":"Compute Engine API"}},{"@type":"type.googleapis.com/google.rpc.LocalizedMessage","locale":"en-US","message":"Compute Engine API has not been used in project 1056867138858 before or it is disabled. Enable it by visiting https://console.developers.google.com/apis/api/compute.googleapis.com/overview?project=1056867138858 then retry. If you enabled this API recently, wait a few minutes for the action to propagate to our systems and retry."},{"@type":"type.googleapis.com/google.rpc.Help","links":[{"description":"Google developers console API activation","url":"https://console.developers.google.com/apis/api/compute.googleapis.com/overview?project=1056867138858"}]}]}}
[debug] [2026-06-06T19:13:57.472Z] unable to look up default compute service account. Falling back to 1056867138858-compute@developer.gserviceaccount.com. Error: {"name":"FirebaseError","children":[],"context":{"body":{"error":{"code":403,"message":"Compute Engine API has not been used in project 1056867138858 before or it is disabled. Enable it by visiting https://console.developers.google.com/apis/api/compute.googleapis.com/overview?project=1056867138858 then retry. If you enabled this API recently, wait a few minutes for the action to propagate to our systems and retry.","errors":[{"message":"Compute Engine API has not been used in project 1056867138858 before or it is disabled. Enable it by visiting https://console.developers.google.com/apis/api/compute.googleapis.com/overview?project=1056867138858 then retry. If you enabled this API recently, wait a few minutes for the action to propagate to our systems and retry.","domain":"usageLimits","reason":"accessNotConfigured","extendedHelp":"https://console.developers.google.com"}],"status":"PERMISSION_DENIED","details":[{"@type":"type.googleapis.com/google.rpc.ErrorInfo","reason":"SERVICE_DISABLED","domain":"googleapis.com","metadata":{"service":"compute.googleapis.com","activationUrl":"https://console.developers.google.com/apis/api/compute.googleapis.com/overview?project=1056867138858","consumer":"projects/1056867138858","containerInfo":"1056867138858","serviceTitle":"Compute Engine API"}},{"@type":"type.googleapis.com/google.rpc.LocalizedMessage","locale":"en-US","message":"Compute Engine API has not been used in project 1056867138858 before or it is disabled. Enable it by visiting https://console.developers.google.com/apis/api/compute.googleapis.com/overview?project=1056867138858 then retry. If you enabled this API recently, wait a few minutes for the action to propagate to our systems and retry."},{"@type":"type.googleapis.com/google.rpc.Help","links":[{"description":"Google developers console API activation","url":"https://console.developers.google.com/apis/api/compute.googleapis.com/overview?project=1056867138858"}]}]}},"response":{"statusCode":403}},"exit":1,"message":"Request to https://compute.googleapis.com/compute/v1/projects/1056867138858 had HTTP Error: 403, Compute Engine API has not been used in project 1056867138858 before or it is disabled. Enable it by visiting https://console.developers.google.com/apis/api/compute.googleapis.com/overview?project=1056867138858 then retry. If you enabled this API recently, wait a few minutes for the action to propagate to our systems and retry.","status":403}
[debug] [2026-06-06T19:13:57.473Z] Checked if tokens are valid: true, expires at: 1780776524981
[debug] [2026-06-06T19:13:57.473Z] Checked if tokens are valid: true, expires at: 1780776524981
[debug] [2026-06-06T19:13:57.473Z] >>> [apiv2][query] GET https://compute.googleapis.com/compute/v1/projects/1056867138858 [none]
[debug] [2026-06-06T19:13:58.020Z] <<< [apiv2][status] GET https://compute.googleapis.com/compute/v1/projects/1056867138858 403
[debug] [2026-06-06T19:13:58.020Z] <<< [apiv2][body] GET https://compute.googleapis.com/compute/v1/projects/1056867138858 {"error":{"code":403,"message":"Compute Engine API has not been used in project 1056867138858 before or it is disabled. Enable it by visiting https://console.developers.google.com/apis/api/compute.googleapis.com/overview?project=1056867138858 then retry. If you enabled this API recently, wait a few minutes for the action to propagate to our systems and retry.","errors":[{"message":"Compute Engine API has not been used in project 1056867138858 before or it is disabled. Enable it by visiting https://console.developers.google.com/apis/api/compute.googleapis.com/overview?project=1056867138858 then retry. If you enabled this API recently, wait a few minutes for the action to propagate to our systems and retry.","domain":"usageLimits","reason":"accessNotConfigured","extendedHelp":"https://console.developers.google.com"}],"status":"PERMISSION_DENIED","details":[{"@type":"type.googleapis.com/google.rpc.ErrorInfo","reason":"SERVICE_DISABLED","domain":"googleapis.com","metadata":{"service":"compute.googleapis.com","serviceTitle":"Compute Engine API","activationUrl":"https://console.developers.google.com/apis/api/compute.googleapis.com/overview?project=1056867138858","containerInfo":"1056867138858","consumer":"projects/1056867138858"}},{"@type":"type.googleapis.com/google.rpc.LocalizedMessage","locale":"en-US","message":"Compute Engine API has not been used in project 1056867138858 before or it is disabled. Enable it by visiting https://console.developers.google.com/apis/api/compute.googleapis.com/overview?project=1056867138858 then retry. If you enabled this API recently, wait a few minutes for the action to propagate to our systems and retry."},{"@type":"type.googleapis.com/google.rpc.Help","links":[{"description":"Google developers console API activation","url":"https://console.developers.google.com/apis/api/compute.googleapis.com/overview?project=1056867138858"}]}]}}
[debug] [2026-06-06T19:13:58.021Z] unable to look up default compute service account. Falling back to 1056867138858-compute@developer.gserviceaccount.com. Error: {"name":"FirebaseError","children":[],"context":{"body":{"error":{"code":403,"message":"Compute Engine API has not been used in project 1056867138858 before or it is disabled. Enable it by visiting https://console.developers.google.com/apis/api/compute.googleapis.com/overview?project=1056867138858 then retry. If you enabled this API recently, wait a few minutes for the action to propagate to our systems and retry.","errors":[{"message":"Compute Engine API has not been used in project 1056867138858 before or it is disabled. Enable it by visiting https://console.developers.google.com/apis/api/compute.googleapis.com/overview?project=1056867138858 then retry. If you enabled this API recently, wait a few minutes for the action to propagate to our systems and retry.","domain":"usageLimits","reason":"accessNotConfigured","extendedHelp":"https://console.developers.google.com"}],"status":"PERMISSION_DENIED","details":[{"@type":"type.googleapis.com/google.rpc.ErrorInfo","reason":"SERVICE_DISABLED","domain":"googleapis.com","metadata":{"service":"compute.googleapis.com","serviceTitle":"Compute Engine API","activationUrl":"https://console.developers.google.com/apis/api/compute.googleapis.com/overview?project=1056867138858","containerInfo":"1056867138858","consumer":"projects/1056867138858"}},{"@type":"type.googleapis.com/google.rpc.LocalizedMessage","locale":"en-US","message":"Compute Engine API has not been used in project 1056867138858 before or it is disabled. Enable it by visiting https://console.developers.google.com/apis/api/compute.googleapis.com/overview?project=1056867138858 then retry. If you enabled this API recently, wait a few minutes for the action to propagate to our systems and retry."},{"@type":"type.googleapis.com/google.rpc.Help","links":[{"description":"Google developers console API activation","url":"https://console.developers.google.com/apis/api/compute.googleapis.com/overview?project=1056867138858"}]}]}},"response":{"statusCode":403}},"exit":1,"message":"Request to https://compute.googleapis.com/compute/v1/projects/1056867138858 had HTTP Error: 403, Compute Engine API has not been used in project 1056867138858 before or it is disabled. Enable it by visiting https://console.developers.google.com/apis/api/compute.googleapis.com/overview?project=1056867138858 then retry. If you enabled this API recently, wait a few minutes for the action to propagate to our systems and retry.","status":403}
[debug] [2026-06-06T19:13:58.021Z] Checked if tokens are valid: true, expires at: 1780776524981
[debug] [2026-06-06T19:13:58.021Z] Checked if tokens are valid: true, expires at: 1780776524981
[debug] [2026-06-06T19:13:58.021Z] >>> [apiv2][query] GET https://compute.googleapis.com/compute/v1/projects/1056867138858 [none]
[debug] [2026-06-06T19:13:58.327Z] <<< [apiv2][status] GET https://compute.googleapis.com/compute/v1/projects/1056867138858 403
[debug] [2026-06-06T19:13:58.327Z] <<< [apiv2][body] GET https://compute.googleapis.com/compute/v1/projects/1056867138858 {"error":{"code":403,"message":"Compute Engine API has not been used in project 1056867138858 before or it is disabled. Enable it by visiting https://console.developers.google.com/apis/api/compute.googleapis.com/overview?project=1056867138858 then retry. If you enabled this API recently, wait a few minutes for the action to propagate to our systems and retry.","errors":[{"message":"Compute Engine API has not been used in project 1056867138858 before or it is disabled. Enable it by visiting https://console.developers.google.com/apis/api/compute.googleapis.com/overview?project=1056867138858 then retry. If you enabled this API recently, wait a few minutes for the action to propagate to our systems and retry.","domain":"usageLimits","reason":"accessNotConfigured","extendedHelp":"https://console.developers.google.com"}],"status":"PERMISSION_DENIED","details":[{"@type":"type.googleapis.com/google.rpc.ErrorInfo","reason":"SERVICE_DISABLED","domain":"googleapis.com","metadata":{"service":"compute.googleapis.com","consumer":"projects/1056867138858","containerInfo":"1056867138858","activationUrl":"https://console.developers.google.com/apis/api/compute.googleapis.com/overview?project=1056867138858","serviceTitle":"Compute Engine API"}},{"@type":"type.googleapis.com/google.rpc.LocalizedMessage","locale":"en-US","message":"Compute Engine API has not been used in project 1056867138858 before or it is disabled. Enable it by visiting https://console.developers.google.com/apis/api/compute.googleapis.com/overview?project=1056867138858 then retry. If you enabled this API recently, wait a few minutes for the action to propagate to our systems and retry."},{"@type":"type.googleapis.com/google.rpc.Help","links":[{"description":"Google developers console API activation","url":"https://console.developers.google.com/apis/api/compute.googleapis.com/overview?project=1056867138858"}]}]}}
[debug] [2026-06-06T19:13:58.327Z] unable to look up default compute service account. Falling back to 1056867138858-compute@developer.gserviceaccount.com. Error: {"name":"FirebaseError","children":[],"context":{"body":{"error":{"code":403,"message":"Compute Engine API has not been used in project 1056867138858 before or it is disabled. Enable it by visiting https://console.developers.google.com/apis/api/compute.googleapis.com/overview?project=1056867138858 then retry. If you enabled this API recently, wait a few minutes for the action to propagate to our systems and retry.","errors":[{"message":"Compute Engine API has not been used in project 1056867138858 before or it is disabled. Enable it by visiting https://console.developers.google.com/apis/api/compute.googleapis.com/overview?project=1056867138858 then retry. If you enabled this API recently, wait a few minutes for the action to propagate to our systems and retry.","domain":"usageLimits","reason":"accessNotConfigured","extendedHelp":"https://console.developers.google.com"}],"status":"PERMISSION_DENIED","details":[{"@type":"type.googleapis.com/google.rpc.ErrorInfo","reason":"SERVICE_DISABLED","domain":"googleapis.com","metadata":{"service":"compute.googleapis.com","consumer":"projects/1056867138858","containerInfo":"1056867138858","activationUrl":"https://console.developers.google.com/apis/api/compute.googleapis.com/overview?project=1056867138858","serviceTitle":"Compute Engine API"}},{"@type":"type.googleapis.com/google.rpc.LocalizedMessage","locale":"en-US","message":"Compute Engine API has not been used in project 1056867138858 before or it is disabled. Enable it by visiting https://console.developers.google.com/apis/api/compute.googleapis.com/overview?project=1056867138858 then retry. If you enabled this API recently, wait a few minutes for the action to propagate to our systems and retry."},{"@type":"type.googleapis.com/google.rpc.Help","links":[{"description":"Google developers console API activation","url":"https://console.developers.google.com/apis/api/compute.googleapis.com/overview?project=1056867138858"}]}]}},"response":{"statusCode":403}},"exit":1,"message":"Request to https://compute.googleapis.com/compute/v1/projects/1056867138858 had HTTP Error: 403, Compute Engine API has not been used in project 1056867138858 before or it is disabled. Enable it by visiting https://console.developers.google.com/apis/api/compute.googleapis.com/overview?project=1056867138858 then retry. If you enabled this API recently, wait a few minutes for the action to propagate to our systems and retry.","status":403}
[debug] [2026-06-06T19:13:58.328Z] Checked if tokens are valid: true, expires at: 1780776524981
[debug] [2026-06-06T19:13:58.328Z] Checked if tokens are valid: true, expires at: 1780776524981
[debug] [2026-06-06T19:13:58.328Z] >>> [apiv2][query] POST https://cloudfunctions.googleapis.com/v2/projects/mednu-healthcare-app/locations/asia-south1/functions:generateUploadUrl [none]
[debug] [2026-06-06T19:14:02.606Z] <<< [apiv2][status] POST https://cloudfunctions.googleapis.com/v2/projects/mednu-healthcare-app/locations/asia-south1/functions:generateUploadUrl 200
[debug] [2026-06-06T19:14:02.606Z] <<< [apiv2][body] POST https://cloudfunctions.googleapis.com/v2/projects/mednu-healthcare-app/locations/asia-south1/functions:generateUploadUrl {"uploadUrl":"https://storage.googleapis.com/gcf-v2-uploads-1056867138858.asia-south1.cloudfunctions.appspot.com/01df69bb-ce7a-4eca-9990-6301399627bd.zip?GoogleAccessId=service-1056867138858@gcf-admin-robot.iam.gserviceaccount.com&Expires=1780775042&Signature=Y%2BrFYDsXvhaay3rcrWUT7SiJJPb4PFsqvNnJBruJ6DpO1oLIlchrE7hofxJFeI95Jcd%2Bec2wRJ%2F8rKml8%2Bzb%2BCBehVDlpySfi3ZD1faThoEf9zAE6lJFQrM79570Ms2JLOyNTUQf1QtxCwNGVKtOM2jJJwSwKh4mWJMDLQJ0srQk%2F6%2FqbLOml6Bvps6RaknDTI7ZybcOetJP2PeVccfu7U8GKVa1DkOqtW8t5P9gPCAFwfS%2BSQOVh4KyvGSODwGin4ftGUjv89brfCV5M3O26anvpPSSd9xUCbxAs3u4wgHbG1auZWGTXIUX2OuCjlZ1qb93BGrjGncF2K24AK4cOg%3D%3D","storageSource":{"bucket":"gcf-v2-uploads-1056867138858.asia-south1.cloudfunctions.appspot.com","object":"01df69bb-ce7a-4eca-9990-6301399627bd.zip"}}
[debug] [2026-06-06T19:14:02.607Z] >>> [apiv2][query] PUT https://storage.googleapis.com/gcf-v2-uploads-1056867138858.asia-south1.cloudfunctions.appspot.com/01df69bb-ce7a-4eca-9990-6301399627bd.zip GoogleAccessId=service-1056867138858%40gcf-admin-robot.iam.gserviceaccount.com&Expires=1780775042&Signature=Y%2BrFYDsXvhaay3rcrWUT7SiJJPb4PFsqvNnJBruJ6DpO1oLIlchrE7hofxJFeI95Jcd%2Bec2wRJ%2F8rKml8%2Bzb%2BCBehVDlpySfi3ZD1faThoEf9zAE6lJFQrM79570Ms2JLOyNTUQf1QtxCwNGVKtOM2jJJwSwKh4mWJMDLQJ0srQk%2F6%2FqbLOml6Bvps6RaknDTI7ZybcOetJP2PeVccfu7U8GKVa1DkOqtW8t5P9gPCAFwfS%2BSQOVh4KyvGSODwGin4ftGUjv89brfCV5M3O26anvpPSSd9xUCbxAs3u4wgHbG1auZWGTXIUX2OuCjlZ1qb93BGrjGncF2K24AK4cOg%3D%3D
[debug] [2026-06-06T19:14:02.607Z] >>> [apiv2][body] PUT https://storage.googleapis.com/gcf-v2-uploads-1056867138858.asia-south1.cloudfunctions.appspot.com/01df69bb-ce7a-4eca-9990-6301399627bd.zip [stream]
[debug] [2026-06-06T19:14:02.804Z] <<< [apiv2][status] PUT https://storage.googleapis.com/gcf-v2-uploads-1056867138858.asia-south1.cloudfunctions.appspot.com/01df69bb-ce7a-4eca-9990-6301399627bd.zip 200
[debug] [2026-06-06T19:14:02.805Z] <<< [apiv2][body] PUT https://storage.googleapis.com/gcf-v2-uploads-1056867138858.asia-south1.cloudfunctions.appspot.com/01df69bb-ce7a-4eca-9990-6301399627bd.zip [omitted]
[info] +  functions: functions source uploaded successfully 
[info] i  functions: creating Node.js 20 (2nd Gen) function onNewConsultation(asia-south1)... 
[info] i  functions: creating Node.js 20 (2nd Gen) function onReviewCreated(asia-south1)... 
[info] i  functions: creating Node.js 20 (2nd Gen) function onAppointmentCompleted(asia-south1)... 
[info] i  functions: creating Node.js 20 (2nd Gen) function onSeriousComplaint(asia-south1)... 
[info] i  functions: creating Node.js 20 (2nd Gen) function onManualReportTrigger(asia-south1)... 
[info] i  functions: creating Node.js 20 (2nd Gen) function onConsultationStatusChange(asia-south1)... 
[info] i  functions: creating Node.js 20 (2nd Gen) function generateWeeklyQualityReport(us-central1)... 
[info] i  functions: creating Node.js 20 (2nd Gen) function expireStaleConsultations(us-central1)... 
[debug] [2026-06-06T19:14:02.813Z] Checked if tokens are valid: true, expires at: 1780776524981
[debug] [2026-06-06T19:14:02.813Z] Checked if tokens are valid: true, expires at: 1780776524981
[debug] [2026-06-06T19:14:02.813Z] Checked if tokens are valid: true, expires at: 1780776524981
[debug] [2026-06-06T19:14:02.813Z] Checked if tokens are valid: true, expires at: 1780776524981
[debug] [2026-06-06T19:14:02.813Z] >>> [apiv2][query] POST https://cloudfunctions.googleapis.com/v2/projects/mednu-healthcare-app/locations/asia-south1/functions functionId=onNewConsultation
[debug] [2026-06-06T19:14:02.813Z] >>> [apiv2][body] POST https://cloudfunctions.googleapis.com/v2/projects/mednu-healthcare-app/locations/asia-south1/functions {"name":"projects/mednu-healthcare-app/locations/asia-south1/functions/onNewConsultation","buildConfig":{"runtime":"nodejs20","entryPoint":"onNewConsultation","source":{"storageSource":{"bucket":"gcf-v2-uploads-1056867138858.asia-south1.cloudfunctions.appspot.com","object":"01df69bb-ce7a-4eca-9990-6301399627bd.zip"}},"environmentVariables":{"GOOGLE_NODE_RUN_SCRIPTS":""}},"serviceConfig":{"environmentVariables":{"FIREBASE_CONFIG":"{\"projectId\":\"mednu-healthcare-app\",\"storageBucket\":\"mednu-healthcare-app.firebasestorage.app\"}","GCLOUD_PROJECT":"mednu-healthcare-app","EVENTARC_CLOUD_EVENT_SOURCE":"projects/mednu-healthcare-app/locations/REGION_TBD/services/onNewConsultation","FUNCTION_SIGNATURE_TYPE":"cloudevent","FUNCTION_TARGET":"onNewConsultation","LOG_EXECUTION_ID":"true"},"ingressSettings":null,"timeoutSeconds":null,"serviceAccountEmail":null,"availableMemory":"256Mi","minInstanceCount":null,"maxInstanceCount":null,"maxInstanceRequestConcurrency":80,"availableCpu":"1","vpcConnector":null,"vpcConnectorEgressSettings":null,"directVpcNetworkInterface":null,"directVpcEgress":null},"labels":{"deployment-tool":"cli-firebase","firebase-functions-hash":"4c82fed4350348a24506df4741c8fec36d5a2e8e"},"eventTrigger":{"eventType":"google.cloud.firestore.document.v1.created","retryPolicy":"RETRY_POLICY_DO_NOT_RETRY","eventFilters":[{"attribute":"database","value":"(default)"},{"attribute":"namespace","value":"(default)"},{"attribute":"document","value":"consultations/{consultationId}","operator":"match-path-pattern"}],"triggerRegion":"asia-south1"}}
[debug] [2026-06-06T19:14:02.814Z] >>> [apiv2][query] POST https://cloudfunctions.googleapis.com/v2/projects/mednu-healthcare-app/locations/us-central1/functions functionId=generateWeeklyQualityReport
[debug] [2026-06-06T19:14:02.814Z] >>> [apiv2][body] POST https://cloudfunctions.googleapis.com/v2/projects/mednu-healthcare-app/locations/us-central1/functions {"name":"projects/mednu-healthcare-app/locations/us-central1/functions/generateWeeklyQualityReport","buildConfig":{"runtime":"nodejs20","entryPoint":"generateWeeklyQualityReport","source":{"storageSource":{"bucket":"gcf-v2-uploads-1056867138858.asia-south1.cloudfunctions.appspot.com","object":"01df69bb-ce7a-4eca-9990-6301399627bd.zip"}},"environmentVariables":{"GOOGLE_NODE_RUN_SCRIPTS":""}},"serviceConfig":{"environmentVariables":{"FIREBASE_CONFIG":"{\"projectId\":\"mednu-healthcare-app\",\"storageBucket\":\"mednu-healthcare-app.firebasestorage.app\"}","GCLOUD_PROJECT":"mednu-healthcare-app","EVENTARC_CLOUD_EVENT_SOURCE":"projects/mednu-healthcare-app/locations/REGION_TBD/services/generateWeeklyQualityReport","FUNCTION_TARGET":"generateWeeklyQualityReport","LOG_EXECUTION_ID":"true"},"ingressSettings":null,"timeoutSeconds":null,"serviceAccountEmail":null,"availableMemory":"256Mi","minInstanceCount":null,"maxInstanceCount":null,"maxInstanceRequestConcurrency":80,"availableCpu":"1","vpcConnector":null,"vpcConnectorEgressSettings":null,"directVpcNetworkInterface":null,"directVpcEgress":null},"labels":{"deployment-tool":"cli-firebase","deployment-scheduled":"true","firebase-functions-hash":"4c82fed4350348a24506df4741c8fec36d5a2e8e"}}
[debug] [2026-06-06T19:14:06.889Z] <<< [apiv2][status] POST https://cloudfunctions.googleapis.com/v2/projects/mednu-healthcare-app/locations/us-central1/functions 200
[debug] [2026-06-06T19:14:06.889Z] <<< [apiv2][body] POST https://cloudfunctions.googleapis.com/v2/projects/mednu-healthcare-app/locations/us-central1/functions {"name":"projects/mednu-healthcare-app/locations/us-central1/operations/operation-1780773243962-6539a94a1c66b-e3562442-4fe68609","metadata":{"@type":"type.googleapis.com/google.cloud.functions.v2.OperationMetadata","createTime":"2026-06-06T19:14:06.504333764Z","target":"projects/mednu-healthcare-app/locations/us-central1/functions/generateWeeklyQualityReport","verb":"create","cancelRequested":false,"apiVersion":"v2"},"done":false}
[debug] [2026-06-06T19:14:06.890Z] Checked if tokens are valid: true, expires at: 1780776524981
[debug] [2026-06-06T19:14:06.890Z] Checked if tokens are valid: true, expires at: 1780776524981
[debug] [2026-06-06T19:14:06.890Z] >>> [apiv2][query] GET https://cloudfunctions.googleapis.com/v2/projects/mednu-healthcare-app/locations/us-central1/operations/operation-1780773243962-6539a94a1c66b-e3562442-4fe68609 [none]
[debug] [2026-06-06T19:14:08.205Z] <<< [apiv2][status] GET https://cloudfunctions.googleapis.com/v2/projects/mednu-healthcare-app/locations/us-central1/operations/operation-1780773243962-6539a94a1c66b-e3562442-4fe68609 200
[debug] [2026-06-06T19:14:08.205Z] <<< [apiv2][body] GET https://cloudfunctions.googleapis.com/v2/projects/mednu-healthcare-app/locations/us-central1/operations/operation-1780773243962-6539a94a1c66b-e3562442-4fe68609 {"name":"projects/mednu-healthcare-app/locations/us-central1/operations/operation-1780773243962-6539a94a1c66b-e3562442-4fe68609","metadata":{"@type":"type.googleapis.com/google.cloud.functions.v2.OperationMetadata","createTime":"2026-06-06T19:14:06.504333764Z","target":"projects/mednu-healthcare-app/locations/us-central1/functions/generateWeeklyQualityReport","verb":"create","cancelRequested":false,"apiVersion":"v2","requestResource":{"@type":"type.googleapis.com/google.cloud.functions.v2.Function","name":"projects/mednu-healthcare-app/locations/us-central1/functions/generateWeeklyQualityReport","buildConfig":{"runtime":"nodejs20","entryPoint":"generateWeeklyQualityReport","source":{"storageSource":{"bucket":"gcf-v2-sources-1056867138858-us-central1","object":"generateWeeklyQualityReport/function-source.zip","generation":"1780773246119898"}},"environmentVariables":{"GOOGLE_NODE_RUN_SCRIPTS":""},"serviceAccount":"projects/mednu-healthcare-app/serviceAccounts/1056867138858-compute@developer.gserviceaccount.com","automaticUpdatePolicy":{}},"serviceConfig":{"service":"projects/mednu-healthcare-app/locations/us-central1/services/generateweeklyqualityreport","timeoutSeconds":60,"environmentVariables":{"FIREBASE_CONFIG":"{\"projectId\":\"mednu-healthcare-app\",\"storageBucket\":\"mednu-healthcare-app.firebasestorage.app\"}","GCLOUD_PROJECT":"mednu-healthcare-app","EVENTARC_CLOUD_EVENT_SOURCE":"projects/mednu-healthcare-app/locations/REGION_TBD/services/generateWeeklyQualityReport","FUNCTION_TARGET":"generateWeeklyQualityReport","LOG_EXECUTION_ID":"true"},"ingressSettings":"ALLOW_ALL","serviceAccountEmail":"1056867138858-compute@developer.gserviceaccount.com","availableMemory":"256Mi","maxInstanceRequestConcurrency":80,"availableCpu":"1"},"labels":{"deployment-tool":"cli-firebase","deployment-scheduled":"true","firebase-functions-hash":"4c82fed4350348a24506df4741c8fec36d5a2e8e"},"environment":"GEN_2"},"stages":[{"name":"BUILD","state":"NOT_STARTED","stateMessages":[{"severity":"WARNING","type":"BuildAnalysisWarning","message":"Node.js 20 is no longer supported by the Node.js community as of 30 April, 2026. Runtime nodejs20 is currently deprecated for Cloud Functions. We recommend you to upgrade to the latest version of Node.js as soon as possible."}]},{"name":"SERVICE","state":"NOT_STARTED"}],"operationType":"CREATE_FUNCTION"},"done":false}
[debug] [2026-06-06T19:14:08.718Z] [create-default-us-central1-generateWeeklyQualityReport] Retrying task index 0
[debug] [2026-06-06T19:14:08.718Z] Checked if tokens are valid: true, expires at: 1780776524981
[debug] [2026-06-06T19:14:08.718Z] Checked if tokens are valid: true, expires at: 1780776524981
[debug] [2026-06-06T19:14:08.719Z] >>> [apiv2][query] GET https://cloudfunctions.googleapis.com/v2/projects/mednu-healthcare-app/locations/us-central1/operations/operation-1780773243962-6539a94a1c66b-e3562442-4fe68609 [none]
[debug] [2026-06-06T19:14:10.077Z] <<< [apiv2][status] GET https://cloudfunctions.googleapis.com/v2/projects/mednu-healthcare-app/locations/us-central1/operations/operation-1780773243962-6539a94a1c66b-e3562442-4fe68609 200
[debug] [2026-06-06T19:14:10.077Z] <<< [apiv2][body] GET https://cloudfunctions.googleapis.com/v2/projects/mednu-healthcare-app/locations/us-central1/operations/operation-1780773243962-6539a94a1c66b-e3562442-4fe68609 {"name":"projects/mednu-healthcare-app/locations/us-central1/operations/operation-1780773243962-6539a94a1c66b-e3562442-4fe68609","metadata":{"@type":"type.googleapis.com/google.cloud.functions.v2.OperationMetadata","createTime":"2026-06-06T19:14:06.504333764Z","target":"projects/mednu-healthcare-app/locations/us-central1/functions/generateWeeklyQualityReport","verb":"create","cancelRequested":false,"apiVersion":"v2","requestResource":{"@type":"type.googleapis.com/google.cloud.functions.v2.Function","name":"projects/mednu-healthcare-app/locations/us-central1/functions/generateWeeklyQualityReport","buildConfig":{"runtime":"nodejs20","entryPoint":"generateWeeklyQualityReport","source":{"storageSource":{"bucket":"gcf-v2-sources-1056867138858-us-central1","object":"generateWeeklyQualityReport/function-source.zip","generation":"1780773246119898"}},"environmentVariables":{"GOOGLE_NODE_RUN_SCRIPTS":""},"serviceAccount":"projects/mednu-healthcare-app/serviceAccounts/1056867138858-compute@developer.gserviceaccount.com","automaticUpdatePolicy":{}},"serviceConfig":{"service":"projects/mednu-healthcare-app/locations/us-central1/services/generateweeklyqualityreport","timeoutSeconds":60,"environmentVariables":{"FIREBASE_CONFIG":"{\"projectId\":\"mednu-healthcare-app\",\"storageBucket\":\"mednu-healthcare-app.firebasestorage.app\"}","GCLOUD_PROJECT":"mednu-healthcare-app","EVENTARC_CLOUD_EVENT_SOURCE":"projects/mednu-healthcare-app/locations/REGION_TBD/services/generateWeeklyQualityReport","FUNCTION_TARGET":"generateWeeklyQualityReport","LOG_EXECUTION_ID":"true"},"ingressSettings":"ALLOW_ALL","serviceAccountEmail":"1056867138858-compute@developer.gserviceaccount.com","availableMemory":"256Mi","maxInstanceRequestConcurrency":80,"availableCpu":"1"},"labels":{"deployment-tool":"cli-firebase","deployment-scheduled":"true","firebase-functions-hash":"4c82fed4350348a24506df4741c8fec36d5a2e8e"},"environment":"GEN_2"},"stages":[{"name":"BUILD","state":"NOT_STARTED","stateMessages":[{"severity":"WARNING","type":"BuildAnalysisWarning","message":"Node.js 20 is no longer supported by the Node.js community as of 30 April, 2026. Runtime nodejs20 is currently deprecated for Cloud Functions. We recommend you to upgrade to the latest version of Node.js as soon as possible."}]},{"name":"SERVICE","state":"NOT_STARTED"}],"operationType":"CREATE_FUNCTION"},"done":false}
[debug] [2026-06-06T19:14:11.087Z] [create-default-us-central1-generateWeeklyQualityReport] Retrying task index 0
[debug] [2026-06-06T19:14:11.088Z] Checked if tokens are valid: true, expires at: 1780776524981
[debug] [2026-06-06T19:14:11.088Z] Checked if tokens are valid: true, expires at: 1780776524981
[debug] [2026-06-06T19:14:11.088Z] >>> [apiv2][query] GET https://cloudfunctions.googleapis.com/v2/projects/mednu-healthcare-app/locations/us-central1/operations/operation-1780773243962-6539a94a1c66b-e3562442-4fe68609 [none]
[debug] [2026-06-06T19:14:12.459Z] <<< [apiv2][status] GET https://cloudfunctions.googleapis.com/v2/projects/mednu-healthcare-app/locations/us-central1/operations/operation-1780773243962-6539a94a1c66b-e3562442-4fe68609 200
[debug] [2026-06-06T19:14:12.460Z] <<< [apiv2][body] GET https://cloudfunctions.googleapis.com/v2/projects/mednu-healthcare-app/locations/us-central1/operations/operation-1780773243962-6539a94a1c66b-e3562442-4fe68609 {"name":"projects/mednu-healthcare-app/locations/us-central1/operations/operation-1780773243962-6539a94a1c66b-e3562442-4fe68609","metadata":{"@type":"type.googleapis.com/google.cloud.functions.v2.OperationMetadata","createTime":"2026-06-06T19:14:06.504333764Z","target":"projects/mednu-healthcare-app/locations/us-central1/functions/generateWeeklyQualityReport","verb":"create","cancelRequested":false,"apiVersion":"v2","requestResource":{"@type":"type.googleapis.com/google.cloud.functions.v2.Function","name":"projects/mednu-healthcare-app/locations/us-central1/functions/generateWeeklyQualityReport","buildConfig":{"runtime":"nodejs20","entryPoint":"generateWeeklyQualityReport","source":{"storageSource":{"bucket":"gcf-v2-sources-1056867138858-us-central1","object":"generateWeeklyQualityReport/function-source.zip","generation":"1780773246119898"}},"environmentVariables":{"GOOGLE_NODE_RUN_SCRIPTS":""},"serviceAccount":"projects/mednu-healthcare-app/serviceAccounts/1056867138858-compute@developer.gserviceaccount.com","automaticUpdatePolicy":{}},"serviceConfig":{"service":"projects/mednu-healthcare-app/locations/us-central1/services/generateweeklyqualityreport","timeoutSeconds":60,"environmentVariables":{"FIREBASE_CONFIG":"{\"projectId\":\"mednu-healthcare-app\",\"storageBucket\":\"mednu-healthcare-app.firebasestorage.app\"}","GCLOUD_PROJECT":"mednu-healthcare-app","EVENTARC_CLOUD_EVENT_SOURCE":"projects/mednu-healthcare-app/locations/REGION_TBD/services/generateWeeklyQualityReport","FUNCTION_TARGET":"generateWeeklyQualityReport","LOG_EXECUTION_ID":"true"},"ingressSettings":"ALLOW_ALL","serviceAccountEmail":"1056867138858-compute@developer.gserviceaccount.com","availableMemory":"256Mi","maxInstanceRequestConcurrency":80,"availableCpu":"1"},"labels":{"deployment-tool":"cli-firebase","deployment-scheduled":"true","firebase-functions-hash":"4c82fed4350348a24506df4741c8fec36d5a2e8e"},"environment":"GEN_2"},"stages":[{"name":"BUILD","state":"NOT_STARTED","stateMessages":[{"severity":"WARNING","type":"BuildAnalysisWarning","message":"Node.js 20 is no longer supported by the Node.js community as of 30 April, 2026. Runtime nodejs20 is currently deprecated for Cloud Functions. We recommend you to upgrade to the latest version of Node.js as soon as possible."}]},{"name":"SERVICE","state":"NOT_STARTED"}],"operationType":"CREATE_FUNCTION"},"done":false}
[debug] [2026-06-06T19:14:14.463Z] [create-default-us-central1-generateWeeklyQualityReport] Retrying task index 0
[debug] [2026-06-06T19:14:14.463Z] Checked if tokens are valid: true, expires at: 1780776524981
[debug] [2026-06-06T19:14:14.464Z] Checked if tokens are valid: true, expires at: 1780776524981
[debug] [2026-06-06T19:14:14.464Z] >>> [apiv2][query] GET https://cloudfunctions.googleapis.com/v2/projects/mednu-healthcare-app/locations/us-central1/operations/operation-1780773243962-6539a94a1c66b-e3562442-4fe68609 [none]
[debug] [2026-06-06T19:14:15.837Z] <<< [apiv2][status] GET https://cloudfunctions.googleapis.com/v2/projects/mednu-healthcare-app/locations/us-central1/operations/operation-1780773243962-6539a94a1c66b-e3562442-4fe68609 200
[debug] [2026-06-06T19:14:15.837Z] <<< [apiv2][body] GET https://cloudfunctions.googleapis.com/v2/projects/mednu-healthcare-app/locations/us-central1/operations/operation-1780773243962-6539a94a1c66b-e3562442-4fe68609 {"name":"projects/mednu-healthcare-app/locations/us-central1/operations/operation-1780773243962-6539a94a1c66b-e3562442-4fe68609","metadata":{"@type":"type.googleapis.com/google.cloud.functions.v2.OperationMetadata","createTime":"2026-06-06T19:14:06.504333764Z","target":"projects/mednu-healthcare-app/locations/us-central1/functions/generateWeeklyQualityReport","verb":"create","cancelRequested":false,"apiVersion":"v2","requestResource":{"@type":"type.googleapis.com/google.cloud.functions.v2.Function","name":"projects/mednu-healthcare-app/locations/us-central1/functions/generateWeeklyQualityReport","buildConfig":{"runtime":"nodejs20","entryPoint":"generateWeeklyQualityReport","source":{"storageSource":{"bucket":"gcf-v2-sources-1056867138858-us-central1","object":"generateWeeklyQualityReport/function-source.zip","generation":"1780773246119898"}},"environmentVariables":{"GOOGLE_NODE_RUN_SCRIPTS":""},"serviceAccount":"projects/mednu-healthcare-app/serviceAccounts/1056867138858-compute@developer.gserviceaccount.com","automaticUpdatePolicy":{}},"serviceConfig":{"service":"projects/mednu-healthcare-app/locations/us-central1/services/generateweeklyqualityreport","timeoutSeconds":60,"environmentVariables":{"FIREBASE_CONFIG":"{\"projectId\":\"mednu-healthcare-app\",\"storageBucket\":\"mednu-healthcare-app.firebasestorage.app\"}","GCLOUD_PROJECT":"mednu-healthcare-app","EVENTARC_CLOUD_EVENT_SOURCE":"projects/mednu-healthcare-app/locations/REGION_TBD/services/generateWeeklyQualityReport","FUNCTION_TARGET":"generateWeeklyQualityReport","LOG_EXECUTION_ID":"true"},"ingressSettings":"ALLOW_ALL","serviceAccountEmail":"1056867138858-compute@developer.gserviceaccount.com","availableMemory":"256Mi","maxInstanceRequestConcurrency":80,"availableCpu":"1"},"labels":{"deployment-tool":"cli-firebase","deployment-scheduled":"true","firebase-functions-hash":"4c82fed4350348a24506df4741c8fec36d5a2e8e"},"environment":"GEN_2"},"stages":[{"name":"BUILD","state":"NOT_STARTED","stateMessages":[{"severity":"WARNING","type":"BuildAnalysisWarning","message":"Node.js 20 is no longer supported by the Node.js community as of 30 April, 2026. Runtime nodejs20 is currently deprecated for Cloud Functions. We recommend you to upgrade to the latest version of Node.js as soon as possible."}]},{"name":"SERVICE","state":"NOT_STARTED"}],"operationType":"CREATE_FUNCTION"},"done":false}
[debug] [2026-06-06T19:14:19.843Z] [create-default-us-central1-generateWeeklyQualityReport] Retrying task index 0
[debug] [2026-06-06T19:14:19.844Z] Checked if tokens are valid: true, expires at: 1780776524981
[debug] [2026-06-06T19:14:19.844Z] Checked if tokens are valid: true, expires at: 1780776524981
[debug] [2026-06-06T19:14:19.844Z] >>> [apiv2][query] GET https://cloudfunctions.googleapis.com/v2/projects/mednu-healthcare-app/locations/us-central1/operations/operation-1780773243962-6539a94a1c66b-e3562442-4fe68609 [none]
[debug] [2026-06-06T19:14:21.149Z] <<< [apiv2][status] GET https://cloudfunctions.googleapis.com/v2/projects/mednu-healthcare-app/locations/us-central1/operations/operation-1780773243962-6539a94a1c66b-e3562442-4fe68609 200
[debug] [2026-06-06T19:14:21.149Z] <<< [apiv2][body] GET https://cloudfunctions.googleapis.com/v2/projects/mednu-healthcare-app/locations/us-central1/operations/operation-1780773243962-6539a94a1c66b-e3562442-4fe68609 {"name":"projects/mednu-healthcare-app/locations/us-central1/operations/operation-1780773243962-6539a94a1c66b-e3562442-4fe68609","metadata":{"@type":"type.googleapis.com/google.cloud.functions.v2.OperationMetadata","createTime":"2026-06-06T19:14:06.504333764Z","target":"projects/mednu-healthcare-app/locations/us-central1/functions/generateWeeklyQualityReport","verb":"create","cancelRequested":false,"apiVersion":"v2","requestResource":{"@type":"type.googleapis.com/google.cloud.functions.v2.Function","name":"projects/mednu-healthcare-app/locations/us-central1/functions/generateWeeklyQualityReport","buildConfig":{"runtime":"nodejs20","entryPoint":"generateWeeklyQualityReport","source":{"storageSource":{"bucket":"gcf-v2-sources-1056867138858-us-central1","object":"generateWeeklyQualityReport/function-source.zip","generation":"1780773246119898"}},"environmentVariables":{"GOOGLE_NODE_RUN_SCRIPTS":""},"serviceAccount":"projects/mednu-healthcare-app/serviceAccounts/1056867138858-compute@developer.gserviceaccount.com","automaticUpdatePolicy":{}},"serviceConfig":{"service":"projects/mednu-healthcare-app/locations/us-central1/services/generateweeklyqualityreport","timeoutSeconds":60,"environmentVariables":{"FIREBASE_CONFIG":"{\"projectId\":\"mednu-healthcare-app\",\"storageBucket\":\"mednu-healthcare-app.firebasestorage.app\"}","GCLOUD_PROJECT":"mednu-healthcare-app","EVENTARC_CLOUD_EVENT_SOURCE":"projects/mednu-healthcare-app/locations/REGION_TBD/services/generateWeeklyQualityReport","FUNCTION_TARGET":"generateWeeklyQualityReport","LOG_EXECUTION_ID":"true"},"ingressSettings":"ALLOW_ALL","serviceAccountEmail":"1056867138858-compute@developer.gserviceaccount.com","availableMemory":"256Mi","maxInstanceRequestConcurrency":80,"availableCpu":"1"},"labels":{"deployment-tool":"cli-firebase","deployment-scheduled":"true","firebase-functions-hash":"4c82fed4350348a24506df4741c8fec36d5a2e8e"},"environment":"GEN_2"},"stages":[{"name":"BUILD","state":"NOT_STARTED","stateMessages":[{"severity":"WARNING","type":"BuildAnalysisWarning","message":"Node.js 20 is no longer supported by the Node.js community as of 30 April, 2026. Runtime nodejs20 is currently deprecated for Cloud Functions. We recommend you to upgrade to the latest version of Node.js as soon as possible."}]},{"name":"SERVICE","state":"NOT_STARTED"}],"operationType":"CREATE_FUNCTION"},"done":false}
[debug] [2026-06-06T19:14:21.218Z] <<< [apiv2][status] POST https://cloudfunctions.googleapis.com/v2/projects/mednu-healthcare-app/locations/asia-south1/functions 400
[debug] [2026-06-06T19:14:21.219Z] <<< [apiv2][body] POST https://cloudfunctions.googleapis.com/v2/projects/mednu-healthcare-app/locations/asia-south1/functions {"error":{"code":400,"message":"Validation failed for trigger projects/mednu-healthcare-app/locations/asia-south1/triggers/onnewconsultation-918659: Invalid resource state for \"\": Permission denied while using the Eventarc Service Agent. If you recently started to use Eventarc, it may take a few minutes before all necessary permissions are propagated to the Service Agent. Otherwise, verify that it has Eventarc Service Agent role.","status":"FAILED_PRECONDITION"}}
[warn] !  functions: Request to https://cloudfunctions.googleapis.com/v2/projects/mednu-healthcare-app/locations/asia-south1/functions?functionId=onNewConsultation had HTTP Error: 400, Validation failed for trigger projects/mednu-healthcare-app/locations/asia-south1/triggers/onnewconsultation-918659: Invalid resource state for "": Permission denied while using the Eventarc Service Agent. If you recently started to use Eventarc, it may take a few minutes before all necessary permissions are propagated to the Service Agent. Otherwise, verify that it has Eventarc Service Agent role. 
[warn] !  functions: Since this is your first time using 2nd gen functions, we need a little bit longer to finish setting everything up. Retry the deployment in a few minutes. 
[warn] !  functions:  failed to create function projects/mednu-healthcare-app/locations/asia-south1/functions/onNewConsultation 
[error] Failed to create function projects/mednu-healthcare-app/locations/asia-south1/functions/onNewConsultation
[debug] [2026-06-06T19:14:21.222Z] Checked if tokens are valid: true, expires at: 1780776524981
[debug] [2026-06-06T19:14:21.222Z] Checked if tokens are valid: true, expires at: 1780776524981
[debug] [2026-06-06T19:14:21.222Z] Checked if tokens are valid: true, expires at: 1780776524981
[debug] [2026-06-06T19:14:21.222Z] Checked if tokens are valid: true, expires at: 1780776524981
[debug] [2026-06-06T19:14:21.222Z] Checked if tokens are valid: true, expires at: 1780776524981
[debug] [2026-06-06T19:14:21.222Z] Checked if tokens are valid: true, expires at: 1780776524981
[debug] [2026-06-06T19:14:21.222Z] Checked if tokens are valid: true, expires at: 1780776524981
[debug] [2026-06-06T19:14:21.222Z] Checked if tokens are valid: true, expires at: 1780776524981
[debug] [2026-06-06T19:14:21.222Z] Checked if tokens are valid: true, expires at: 1780776524981
[debug] [2026-06-06T19:14:21.222Z] Checked if tokens are valid: true, expires at: 1780776524981
[debug] [2026-06-06T19:14:21.223Z] >>> [apiv2][query] POST https://cloudfunctions.googleapis.com/v2/projects/mednu-healthcare-app/locations/asia-south1/functions functionId=onReviewCreated
[debug] [2026-06-06T19:14:21.223Z] >>> [apiv2][body] POST https://cloudfunctions.googleapis.com/v2/projects/mednu-healthcare-app/locations/asia-south1/functions {"name":"projects/mednu-healthcare-app/locations/asia-south1/functions/onReviewCreated","buildConfig":{"runtime":"nodejs20","entryPoint":"onReviewCreated","source":{"storageSource":{"bucket":"gcf-v2-uploads-1056867138858.asia-south1.cloudfunctions.appspot.com","object":"01df69bb-ce7a-4eca-9990-6301399627bd.zip"}},"environmentVariables":{"GOOGLE_NODE_RUN_SCRIPTS":""}},"serviceConfig":{"environmentVariables":{"FIREBASE_CONFIG":"{\"projectId\":\"mednu-healthcare-app\",\"storageBucket\":\"mednu-healthcare-app.firebasestorage.app\"}","GCLOUD_PROJECT":"mednu-healthcare-app","EVENTARC_CLOUD_EVENT_SOURCE":"projects/mednu-healthcare-app/locations/REGION_TBD/services/onReviewCreated","FUNCTION_SIGNATURE_TYPE":"cloudevent","FUNCTION_TARGET":"onReviewCreated","LOG_EXECUTION_ID":"true"},"ingressSettings":null,"timeoutSeconds":null,"serviceAccountEmail":null,"availableMemory":"256Mi","minInstanceCount":null,"maxInstanceCount":null,"maxInstanceRequestConcurrency":80,"availableCpu":"1","vpcConnector":null,"vpcConnectorEgressSettings":null,"directVpcNetworkInterface":null,"directVpcEgress":null},"labels":{"deployment-tool":"cli-firebase","firebase-functions-hash":"4c82fed4350348a24506df4741c8fec36d5a2e8e"},"eventTrigger":{"eventType":"google.cloud.firestore.document.v1.created","retryPolicy":"RETRY_POLICY_DO_NOT_RETRY","eventFilters":[{"attribute":"database","value":"(default)"},{"attribute":"namespace","value":"(default)"},{"attribute":"document","value":"doctor_reviews/{reviewId}","operator":"match-path-pattern"}],"triggerRegion":"asia-south1"}}
[debug] [2026-06-06T19:14:21.224Z] >>> [apiv2][query] POST https://cloudfunctions.googleapis.com/v2/projects/mednu-healthcare-app/locations/asia-south1/functions functionId=onAppointmentCompleted
[debug] [2026-06-06T19:14:21.224Z] >>> [apiv2][body] POST https://cloudfunctions.googleapis.com/v2/projects/mednu-healthcare-app/locations/asia-south1/functions {"name":"projects/mednu-healthcare-app/locations/asia-south1/functions/onAppointmentCompleted","buildConfig":{"runtime":"nodejs20","entryPoint":"onAppointmentCompleted","source":{"storageSource":{"bucket":"gcf-v2-uploads-1056867138858.asia-south1.cloudfunctions.appspot.com","object":"01df69bb-ce7a-4eca-9990-6301399627bd.zip"}},"environmentVariables":{"GOOGLE_NODE_RUN_SCRIPTS":""}},"serviceConfig":{"environmentVariables":{"FIREBASE_CONFIG":"{\"projectId\":\"mednu-healthcare-app\",\"storageBucket\":\"mednu-healthcare-app.firebasestorage.app\"}","GCLOUD_PROJECT":"mednu-healthcare-app","EVENTARC_CLOUD_EVENT_SOURCE":"projects/mednu-healthcare-app/locations/REGION_TBD/services/onAppointmentCompleted","FUNCTION_SIGNATURE_TYPE":"cloudevent","FUNCTION_TARGET":"onAppointmentCompleted","LOG_EXECUTION_ID":"true"},"ingressSettings":null,"timeoutSeconds":null,"serviceAccountEmail":null,"availableMemory":"256Mi","minInstanceCount":null,"maxInstanceCount":null,"maxInstanceRequestConcurrency":80,"availableCpu":"1","vpcConnector":null,"vpcConnectorEgressSettings":null,"directVpcNetworkInterface":null,"directVpcEgress":null},"labels":{"deployment-tool":"cli-firebase","firebase-functions-hash":"4c82fed4350348a24506df4741c8fec36d5a2e8e"},"eventTrigger":{"eventType":"google.cloud.firestore.document.v1.updated","retryPolicy":"RETRY_POLICY_DO_NOT_RETRY","eventFilters":[{"attribute":"database","value":"(default)"},{"attribute":"namespace","value":"(default)"},{"attribute":"document","value":"appointments/{appointmentId}","operator":"match-path-pattern"}],"triggerRegion":"asia-south1"}}
[debug] [2026-06-06T19:14:21.225Z] >>> [apiv2][query] POST https://cloudfunctions.googleapis.com/v2/projects/mednu-healthcare-app/locations/asia-south1/functions functionId=onSeriousComplaint
[debug] [2026-06-06T19:14:21.225Z] >>> [apiv2][body] POST https://cloudfunctions.googleapis.com/v2/projects/mednu-healthcare-app/locations/asia-south1/functions {"name":"projects/mednu-healthcare-app/locations/asia-south1/functions/onSeriousComplaint","buildConfig":{"runtime":"nodejs20","entryPoint":"onSeriousComplaint","source":{"storageSource":{"bucket":"gcf-v2-uploads-1056867138858.asia-south1.cloudfunctions.appspot.com","object":"01df69bb-ce7a-4eca-9990-6301399627bd.zip"}},"environmentVariables":{"GOOGLE_NODE_RUN_SCRIPTS":""}},"serviceConfig":{"environmentVariables":{"FIREBASE_CONFIG":"{\"projectId\":\"mednu-healthcare-app\",\"storageBucket\":\"mednu-healthcare-app.firebasestorage.app\"}","GCLOUD_PROJECT":"mednu-healthcare-app","EVENTARC_CLOUD_EVENT_SOURCE":"projects/mednu-healthcare-app/locations/REGION_TBD/services/onSeriousComplaint","FUNCTION_SIGNATURE_TYPE":"cloudevent","FUNCTION_TARGET":"onSeriousComplaint","LOG_EXECUTION_ID":"true"},"ingressSettings":null,"timeoutSeconds":null,"serviceAccountEmail":null,"availableMemory":"256Mi","minInstanceCount":null,"maxInstanceCount":null,"maxInstanceRequestConcurrency":80,"availableCpu":"1","vpcConnector":null,"vpcConnectorEgressSettings":null,"directVpcNetworkInterface":null,"directVpcEgress":null},"labels":{"deployment-tool":"cli-firebase","firebase-functions-hash":"4c82fed4350348a24506df4741c8fec36d5a2e8e"},"eventTrigger":{"eventType":"google.cloud.firestore.document.v1.created","retryPolicy":"RETRY_POLICY_DO_NOT_RETRY","eventFilters":[{"attribute":"database","value":"(default)"},{"attribute":"namespace","value":"(default)"},{"attribute":"document","value":"serious_complaints/{complaintId}","operator":"match-path-pattern"}],"triggerRegion":"asia-south1"}}
[debug] [2026-06-06T19:14:21.228Z] >>> [apiv2][query] POST https://cloudfunctions.googleapis.com/v2/projects/mednu-healthcare-app/locations/asia-south1/functions functionId=onManualReportTrigger
[debug] [2026-06-06T19:14:21.228Z] >>> [apiv2][body] POST https://cloudfunctions.googleapis.com/v2/projects/mednu-healthcare-app/locations/asia-south1/functions {"name":"projects/mednu-healthcare-app/locations/asia-south1/functions/onManualReportTrigger","buildConfig":{"runtime":"nodejs20","entryPoint":"onManualReportTrigger","source":{"storageSource":{"bucket":"gcf-v2-uploads-1056867138858.asia-south1.cloudfunctions.appspot.com","object":"01df69bb-ce7a-4eca-9990-6301399627bd.zip"}},"environmentVariables":{"GOOGLE_NODE_RUN_SCRIPTS":""}},"serviceConfig":{"environmentVariables":{"FIREBASE_CONFIG":"{\"projectId\":\"mednu-healthcare-app\",\"storageBucket\":\"mednu-healthcare-app.firebasestorage.app\"}","GCLOUD_PROJECT":"mednu-healthcare-app","EVENTARC_CLOUD_EVENT_SOURCE":"projects/mednu-healthcare-app/locations/REGION_TBD/services/onManualReportTrigger","FUNCTION_SIGNATURE_TYPE":"cloudevent","FUNCTION_TARGET":"onManualReportTrigger","LOG_EXECUTION_ID":"true"},"ingressSettings":null,"timeoutSeconds":null,"serviceAccountEmail":null,"availableMemory":"256Mi","minInstanceCount":null,"maxInstanceCount":null,"maxInstanceRequestConcurrency":80,"availableCpu":"1","vpcConnector":null,"vpcConnectorEgressSettings":null,"directVpcNetworkInterface":null,"directVpcEgress":null},"labels":{"deployment-tool":"cli-firebase","firebase-functions-hash":"4c82fed4350348a24506df4741c8fec36d5a2e8e"},"eventTrigger":{"eventType":"google.cloud.firestore.document.v1.created","retryPolicy":"RETRY_POLICY_DO_NOT_RETRY","eventFilters":[{"attribute":"database","value":"(default)"},{"attribute":"namespace","value":"(default)"},{"attribute":"document","value":"report_triggers/{triggerId}","operator":"match-path-pattern"}],"triggerRegion":"asia-south1"}}
[debug] [2026-06-06T19:14:21.231Z] >>> [apiv2][query] POST https://cloudfunctions.googleapis.com/v2/projects/mednu-healthcare-app/locations/asia-south1/functions functionId=onConsultationStatusChange
[debug] [2026-06-06T19:14:21.231Z] >>> [apiv2][body] POST https://cloudfunctions.googleapis.com/v2/projects/mednu-healthcare-app/locations/asia-south1/functions {"name":"projects/mednu-healthcare-app/locations/asia-south1/functions/onConsultationStatusChange","buildConfig":{"runtime":"nodejs20","entryPoint":"onConsultationStatusChange","source":{"storageSource":{"bucket":"gcf-v2-uploads-1056867138858.asia-south1.cloudfunctions.appspot.com","object":"01df69bb-ce7a-4eca-9990-6301399627bd.zip"}},"environmentVariables":{"GOOGLE_NODE_RUN_SCRIPTS":""}},"serviceConfig":{"environmentVariables":{"FIREBASE_CONFIG":"{\"projectId\":\"mednu-healthcare-app\",\"storageBucket\":\"mednu-healthcare-app.firebasestorage.app\"}","GCLOUD_PROJECT":"mednu-healthcare-app","EVENTARC_CLOUD_EVENT_SOURCE":"projects/mednu-healthcare-app/locations/REGION_TBD/services/onConsultationStatusChange","FUNCTION_SIGNATURE_TYPE":"cloudevent","FUNCTION_TARGET":"onConsultationStatusChange","LOG_EXECUTION_ID":"true"},"ingressSettings":null,"timeoutSeconds":null,"serviceAccountEmail":null,"availableMemory":"256Mi","minInstanceCount":null,"maxInstanceCount":null,"maxInstanceRequestConcurrency":80,"availableCpu":"1","vpcConnector":null,"vpcConnectorEgressSettings":null,"directVpcNetworkInterface":null,"directVpcEgress":null},"labels":{"deployment-tool":"cli-firebase","firebase-functions-hash":"4c82fed4350348a24506df4741c8fec36d5a2e8e"},"eventTrigger":{"eventType":"google.cloud.firestore.document.v1.updated","retryPolicy":"RETRY_POLICY_DO_NOT_RETRY","eventFilters":[{"attribute":"database","value":"(default)"},{"attribute":"namespace","value":"(default)"},{"attribute":"document","value":"consultations/{consultationId}","operator":"match-path-pattern"}],"triggerRegion":"asia-south1"}}
[debug] [2026-06-06T19:14:29.156Z] [create-default-us-central1-generateWeeklyQualityReport] Retrying task index 0
[debug] [2026-06-06T19:14:29.156Z] Checked if tokens are valid: true, expires at: 1780776524981
[debug] [2026-06-06T19:14:29.156Z] Checked if tokens are valid: true, expires at: 1780776524981
[debug] [2026-06-06T19:14:29.156Z] >>> [apiv2][query] GET https://cloudfunctions.googleapis.com/v2/projects/mednu-healthcare-app/locations/us-central1/operations/operation-1780773243962-6539a94a1c66b-e3562442-4fe68609 [none]
[debug] [2026-06-06T19:14:30.538Z] <<< [apiv2][status] GET https://cloudfunctions.googleapis.com/v2/projects/mednu-healthcare-app/locations/us-central1/operations/operation-1780773243962-6539a94a1c66b-e3562442-4fe68609 200
[debug] [2026-06-06T19:14:30.538Z] <<< [apiv2][body] GET https://cloudfunctions.googleapis.com/v2/projects/mednu-healthcare-app/locations/us-central1/operations/operation-1780773243962-6539a94a1c66b-e3562442-4fe68609 {"name":"projects/mednu-healthcare-app/locations/us-central1/operations/operation-1780773243962-6539a94a1c66b-e3562442-4fe68609","metadata":{"@type":"type.googleapis.com/google.cloud.functions.v2.OperationMetadata","createTime":"2026-06-06T19:14:06.504333764Z","target":"projects/mednu-healthcare-app/locations/us-central1/functions/generateWeeklyQualityReport","verb":"create","cancelRequested":false,"apiVersion":"v2","requestResource":{"@type":"type.googleapis.com/google.cloud.functions.v2.Function","name":"projects/mednu-healthcare-app/locations/us-central1/functions/generateWeeklyQualityReport","buildConfig":{"runtime":"nodejs20","entryPoint":"generateWeeklyQualityReport","source":{"storageSource":{"bucket":"gcf-v2-sources-1056867138858-us-central1","object":"generateWeeklyQualityReport/function-source.zip","generation":"1780773246119898"}},"environmentVariables":{"GOOGLE_NODE_RUN_SCRIPTS":""},"serviceAccount":"projects/mednu-healthcare-app/serviceAccounts/1056867138858-compute@developer.gserviceaccount.com","automaticUpdatePolicy":{}},"serviceConfig":{"service":"projects/mednu-healthcare-app/locations/us-central1/services/generateweeklyqualityreport","timeoutSeconds":60,"environmentVariables":{"FIREBASE_CONFIG":"{\"projectId\":\"mednu-healthcare-app\",\"storageBucket\":\"mednu-healthcare-app.firebasestorage.app\"}","GCLOUD_PROJECT":"mednu-healthcare-app","EVENTARC_CLOUD_EVENT_SOURCE":"projects/mednu-healthcare-app/locations/REGION_TBD/services/generateWeeklyQualityReport","FUNCTION_TARGET":"generateWeeklyQualityReport","LOG_EXECUTION_ID":"true"},"ingressSettings":"ALLOW_ALL","serviceAccountEmail":"1056867138858-compute@developer.gserviceaccount.com","availableMemory":"256Mi","maxInstanceRequestConcurrency":80,"availableCpu":"1"},"labels":{"deployment-tool":"cli-firebase","deployment-scheduled":"true","firebase-functions-hash":"4c82fed4350348a24506df4741c8fec36d5a2e8e"},"environment":"GEN_2"},"stages":[{"name":"BUILD","message":"Build in progress","state":"IN_PROGRESS","resource":"projects/1056867138858/locations/us-central1/builds/ff236c15-b469-4a31-8789-71233f278b88","resourceUri":"https://console.cloud.google.com/cloud-build/builds;region=us-central1/ff236c15-b469-4a31-8789-71233f278b88?project=1056867138858"},{"name":"SERVICE","state":"NOT_STARTED"}],"operationType":"CREATE_FUNCTION","buildName":"projects/1056867138858/locations/us-central1/builds/ff236c15-b469-4a31-8789-71233f278b88"},"done":false}
[debug] [2026-06-06T19:14:36.935Z] <<< [apiv2][status] POST https://cloudfunctions.googleapis.com/v2/projects/mednu-healthcare-app/locations/asia-south1/functions 400
[debug] [2026-06-06T19:14:36.936Z] <<< [apiv2][body] POST https://cloudfunctions.googleapis.com/v2/projects/mednu-healthcare-app/locations/asia-south1/functions {"error":{"code":400,"message":"Validation failed for trigger projects/mednu-healthcare-app/locations/asia-south1/triggers/onappointmentcompleted-779003: Invalid resource state for \"\": Permission denied while using the Eventarc Service Agent. If you recently started to use Eventarc, it may take a few minutes before all necessary permissions are propagated to the Service Agent. Otherwise, verify that it has Eventarc Service Agent role.","status":"FAILED_PRECONDITION"}}
[warn] !  functions: Request to https://cloudfunctions.googleapis.com/v2/projects/mednu-healthcare-app/locations/asia-south1/functions?functionId=onAppointmentCompleted had HTTP Error: 400, Validation failed for trigger projects/mednu-healthcare-app/locations/asia-south1/triggers/onappointmentcompleted-779003: Invalid resource state for "": Permission denied while using the Eventarc Service Agent. If you recently started to use Eventarc, it may take a few minutes before all necessary permissions are propagated to the Service Agent. Otherwise, verify that it has Eventarc Service Agent role. 
[warn] !  functions: Since this is your first time using 2nd gen functions, we need a little bit longer to finish setting everything up. Retry the deployment in a few minutes. 
[warn] !  functions:  failed to create function projects/mednu-healthcare-app/locations/asia-south1/functions/onAppointmentCompleted 
[error] Failed to create function projects/mednu-healthcare-app/locations/asia-south1/functions/onAppointmentCompleted
[debug] [2026-06-06T19:14:36.937Z] <<< [apiv2][status] POST https://cloudfunctions.googleapis.com/v2/projects/mednu-healthcare-app/locations/asia-south1/functions 400
[debug] [2026-06-06T19:14:36.937Z] <<< [apiv2][body] POST https://cloudfunctions.googleapis.com/v2/projects/mednu-healthcare-app/locations/asia-south1/functions {"error":{"code":400,"message":"Validation failed for trigger projects/mednu-healthcare-app/locations/asia-south1/triggers/onmanualreporttrigger-519806: Invalid resource state for \"\": Permission denied while using the Eventarc Service Agent. If you recently started to use Eventarc, it may take a few minutes before all necessary permissions are propagated to the Service Agent. Otherwise, verify that it has Eventarc Service Agent role.","status":"FAILED_PRECONDITION"}}
[warn] !  functions: Request to https://cloudfunctions.googleapis.com/v2/projects/mednu-healthcare-app/locations/asia-south1/functions?functionId=onManualReportTrigger had HTTP Error: 400, Validation failed for trigger projects/mednu-healthcare-app/locations/asia-south1/triggers/onmanualreporttrigger-519806: Invalid resource state for "": Permission denied while using the Eventarc Service Agent. If you recently started to use Eventarc, it may take a few minutes before all necessary permissions are propagated to the Service Agent. Otherwise, verify that it has Eventarc Service Agent role. 
[warn] !  functions: Since this is your first time using 2nd gen functions, we need a little bit longer to finish setting everything up. Retry the deployment in a few minutes. 
[warn] !  functions:  failed to create function projects/mednu-healthcare-app/locations/asia-south1/functions/onManualReportTrigger 
[error] Failed to create function projects/mednu-healthcare-app/locations/asia-south1/functions/onManualReportTrigger
[debug] [2026-06-06T19:14:36.942Z] <<< [apiv2][status] POST https://cloudfunctions.googleapis.com/v2/projects/mednu-healthcare-app/locations/asia-south1/functions 400
[debug] [2026-06-06T19:14:36.942Z] <<< [apiv2][body] POST https://cloudfunctions.googleapis.com/v2/projects/mednu-healthcare-app/locations/asia-south1/functions {"error":{"code":400,"message":"Validation failed for trigger projects/mednu-healthcare-app/locations/asia-south1/triggers/onseriouscomplaint-804114: Invalid resource state for \"\": Permission denied while using the Eventarc Service Agent. If you recently started to use Eventarc, it may take a few minutes before all necessary permissions are propagated to the Service Agent. Otherwise, verify that it has Eventarc Service Agent role.","status":"FAILED_PRECONDITION"}}
[warn] !  functions: Request to https://cloudfunctions.googleapis.com/v2/projects/mednu-healthcare-app/locations/asia-south1/functions?functionId=onSeriousComplaint had HTTP Error: 400, Validation failed for trigger projects/mednu-healthcare-app/locations/asia-south1/triggers/onseriouscomplaint-804114: Invalid resource state for "": Permission denied while using the Eventarc Service Agent. If you recently started to use Eventarc, it may take a few minutes before all necessary permissions are propagated to the Service Agent. Otherwise, verify that it has Eventarc Service Agent role. 
[warn] !  functions: Since this is your first time using 2nd gen functions, we need a little bit longer to finish setting everything up. Retry the deployment in a few minutes. 
[warn] !  functions:  failed to create function projects/mednu-healthcare-app/locations/asia-south1/functions/onSeriousComplaint 
[error] Failed to create function projects/mednu-healthcare-app/locations/asia-south1/functions/onSeriousComplaint
[debug] [2026-06-06T19:14:36.948Z] <<< [apiv2][status] POST https://cloudfunctions.googleapis.com/v2/projects/mednu-healthcare-app/locations/asia-south1/functions 400
[debug] [2026-06-06T19:14:36.948Z] <<< [apiv2][body] POST https://cloudfunctions.googleapis.com/v2/projects/mednu-healthcare-app/locations/asia-south1/functions {"error":{"code":400,"message":"Validation failed for trigger projects/mednu-healthcare-app/locations/asia-south1/triggers/onreviewcreated-063290: Invalid resource state for \"\": Permission denied while using the Eventarc Service Agent. If you recently started to use Eventarc, it may take a few minutes before all necessary permissions are propagated to the Service Agent. Otherwise, verify that it has Eventarc Service Agent role.","status":"FAILED_PRECONDITION"}}
[warn] !  functions: Request to https://cloudfunctions.googleapis.com/v2/projects/mednu-healthcare-app/locations/asia-south1/functions?functionId=onReviewCreated had HTTP Error: 400, Validation failed for trigger projects/mednu-healthcare-app/locations/asia-south1/triggers/onreviewcreated-063290: Invalid resource state for "": Permission denied while using the Eventarc Service Agent. If you recently started to use Eventarc, it may take a few minutes before all necessary permissions are propagated to the Service Agent. Otherwise, verify that it has Eventarc Service Agent role. 
[warn] !  functions: Since this is your first time using 2nd gen functions, we need a little bit longer to finish setting everything up. Retry the deployment in a few minutes. 
[warn] !  functions:  failed to create function projects/mednu-healthcare-app/locations/asia-south1/functions/onReviewCreated 
[error] Failed to create function projects/mednu-healthcare-app/locations/asia-south1/functions/onReviewCreated
[debug] [2026-06-06T19:14:36.950Z] <<< [apiv2][status] POST https://cloudfunctions.googleapis.com/v2/projects/mednu-healthcare-app/locations/asia-south1/functions 400
[debug] [2026-06-06T19:14:36.950Z] <<< [apiv2][body] POST https://cloudfunctions.googleapis.com/v2/projects/mednu-healthcare-app/locations/asia-south1/functions {"error":{"code":400,"message":"Validation failed for trigger projects/mednu-healthcare-app/locations/asia-south1/triggers/onconsultationstatuschange-730044: Invalid resource state for \"\": Permission denied while using the Eventarc Service Agent. If you recently started to use Eventarc, it may take a few minutes before all necessary permissions are propagated to the Service Agent. Otherwise, verify that it has Eventarc Service Agent role.","status":"FAILED_PRECONDITION"}}
[warn] !  functions: Request to https://cloudfunctions.googleapis.com/v2/projects/mednu-healthcare-app/locations/asia-south1/functions?functionId=onConsultationStatusChange had HTTP Error: 400, Validation failed for trigger projects/mednu-healthcare-app/locations/asia-south1/triggers/onconsultationstatuschange-730044: Invalid resource state for "": Permission denied while using the Eventarc Service Agent. If you recently started to use Eventarc, it may take a few minutes before all necessary permissions are propagated to the Service Agent. Otherwise, verify that it has Eventarc Service Agent role. 
[warn] !  functions: Since this is your first time using 2nd gen functions, we need a little bit longer to finish setting everything up. Retry the deployment in a few minutes. 
[warn] !  functions:  failed to create function projects/mednu-healthcare-app/locations/asia-south1/functions/onConsultationStatusChange 
[error] Failed to create function projects/mednu-healthcare-app/locations/asia-south1/functions/onConsultationStatusChange
[debug] [2026-06-06T19:14:40.545Z] [create-default-us-central1-generateWeeklyQualityReport] Retrying task index 0
[debug] [2026-06-06T19:14:40.546Z] Checked if tokens are valid: true, expires at: 1780776524981
[debug] [2026-06-06T19:14:40.546Z] Checked if tokens are valid: true, expires at: 1780776524981
[debug] [2026-06-06T19:14:40.546Z] >>> [apiv2][query] GET https://cloudfunctions.googleapis.com/v2/projects/mednu-healthcare-app/locations/us-central1/operations/operation-1780773243962-6539a94a1c66b-e3562442-4fe68609 [none]
[debug] [2026-06-06T19:14:41.992Z] <<< [apiv2][status] GET https://cloudfunctions.googleapis.com/v2/projects/mednu-healthcare-app/locations/us-central1/operations/operation-1780773243962-6539a94a1c66b-e3562442-4fe68609 200
[debug] [2026-06-06T19:14:41.992Z] <<< [apiv2][body] GET https://cloudfunctions.googleapis.com/v2/projects/mednu-healthcare-app/locations/us-central1/operations/operation-1780773243962-6539a94a1c66b-e3562442-4fe68609 {"name":"projects/mednu-healthcare-app/locations/us-central1/operations/operation-1780773243962-6539a94a1c66b-e3562442-4fe68609","metadata":{"@type":"type.googleapis.com/google.cloud.functions.v2.OperationMetadata","createTime":"2026-06-06T19:14:06.504333764Z","target":"projects/mednu-healthcare-app/locations/us-central1/functions/generateWeeklyQualityReport","verb":"create","cancelRequested":false,"apiVersion":"v2","requestResource":{"@type":"type.googleapis.com/google.cloud.functions.v2.Function","name":"projects/mednu-healthcare-app/locations/us-central1/functions/generateWeeklyQualityReport","buildConfig":{"runtime":"nodejs20","entryPoint":"generateWeeklyQualityReport","source":{"storageSource":{"bucket":"gcf-v2-sources-1056867138858-us-central1","object":"generateWeeklyQualityReport/function-source.zip","generation":"1780773246119898"}},"environmentVariables":{"GOOGLE_NODE_RUN_SCRIPTS":""},"serviceAccount":"projects/mednu-healthcare-app/serviceAccounts/1056867138858-compute@developer.gserviceaccount.com","automaticUpdatePolicy":{}},"serviceConfig":{"service":"projects/mednu-healthcare-app/locations/us-central1/services/generateweeklyqualityreport","timeoutSeconds":60,"environmentVariables":{"FIREBASE_CONFIG":"{\"projectId\":\"mednu-healthcare-app\",\"storageBucket\":\"mednu-healthcare-app.firebasestorage.app\"}","GCLOUD_PROJECT":"mednu-healthcare-app","EVENTARC_CLOUD_EVENT_SOURCE":"projects/mednu-healthcare-app/locations/REGION_TBD/services/generateWeeklyQualityReport","FUNCTION_TARGET":"generateWeeklyQualityReport","LOG_EXECUTION_ID":"true"},"ingressSettings":"ALLOW_ALL","serviceAccountEmail":"1056867138858-compute@developer.gserviceaccount.com","availableMemory":"256Mi","maxInstanceRequestConcurrency":80,"availableCpu":"1"},"labels":{"deployment-tool":"cli-firebase","deployment-scheduled":"true","firebase-functions-hash":"4c82fed4350348a24506df4741c8fec36d5a2e8e"},"environment":"GEN_2"},"stages":[{"name":"BUILD","message":"Build in progress","state":"IN_PROGRESS","resource":"projects/1056867138858/locations/us-central1/builds/ff236c15-b469-4a31-8789-71233f278b88","resourceUri":"https://console.cloud.google.com/cloud-build/builds;region=us-central1/ff236c15-b469-4a31-8789-71233f278b88?project=1056867138858"},{"name":"SERVICE","state":"NOT_STARTED"}],"operationType":"CREATE_FUNCTION","buildName":"projects/1056867138858/locations/us-central1/builds/ff236c15-b469-4a31-8789-71233f278b88"},"done":false}
[debug] [2026-06-06T19:14:52.001Z] [create-default-us-central1-generateWeeklyQualityReport] Retrying task index 0
[debug] [2026-06-06T19:14:52.002Z] Checked if tokens are valid: true, expires at: 1780776524981
[debug] [2026-06-06T19:14:52.002Z] Checked if tokens are valid: true, expires at: 1780776524981
[debug] [2026-06-06T19:14:52.002Z] >>> [apiv2][query] GET https://cloudfunctions.googleapis.com/v2/projects/mednu-healthcare-app/locations/us-central1/operations/operation-1780773243962-6539a94a1c66b-e3562442-4fe68609 [none]
[debug] [2026-06-06T19:14:53.422Z] <<< [apiv2][status] GET https://cloudfunctions.googleapis.com/v2/projects/mednu-healthcare-app/locations/us-central1/operations/operation-1780773243962-6539a94a1c66b-e3562442-4fe68609 200
[debug] [2026-06-06T19:14:53.422Z] <<< [apiv2][body] GET https://cloudfunctions.googleapis.com/v2/projects/mednu-healthcare-app/locations/us-central1/operations/operation-1780773243962-6539a94a1c66b-e3562442-4fe68609 {"name":"projects/mednu-healthcare-app/locations/us-central1/operations/operation-1780773243962-6539a94a1c66b-e3562442-4fe68609","metadata":{"@type":"type.googleapis.com/google.cloud.functions.v2.OperationMetadata","createTime":"2026-06-06T19:14:06.504333764Z","target":"projects/mednu-healthcare-app/locations/us-central1/functions/generateWeeklyQualityReport","verb":"create","cancelRequested":false,"apiVersion":"v2","requestResource":{"@type":"type.googleapis.com/google.cloud.functions.v2.Function","name":"projects/mednu-healthcare-app/locations/us-central1/functions/generateWeeklyQualityReport","buildConfig":{"runtime":"nodejs20","entryPoint":"generateWeeklyQualityReport","source":{"storageSource":{"bucket":"gcf-v2-sources-1056867138858-us-central1","object":"generateWeeklyQualityReport/function-source.zip","generation":"1780773246119898"}},"environmentVariables":{"GOOGLE_NODE_RUN_SCRIPTS":""},"serviceAccount":"projects/mednu-healthcare-app/serviceAccounts/1056867138858-compute@developer.gserviceaccount.com","automaticUpdatePolicy":{}},"serviceConfig":{"service":"projects/mednu-healthcare-app/locations/us-central1/services/generateweeklyqualityreport","timeoutSeconds":60,"environmentVariables":{"FIREBASE_CONFIG":"{\"projectId\":\"mednu-healthcare-app\",\"storageBucket\":\"mednu-healthcare-app.firebasestorage.app\"}","GCLOUD_PROJECT":"mednu-healthcare-app","EVENTARC_CLOUD_EVENT_SOURCE":"projects/mednu-healthcare-app/locations/REGION_TBD/services/generateWeeklyQualityReport","FUNCTION_TARGET":"generateWeeklyQualityReport","LOG_EXECUTION_ID":"true"},"ingressSettings":"ALLOW_ALL","serviceAccountEmail":"1056867138858-compute@developer.gserviceaccount.com","availableMemory":"256Mi","maxInstanceRequestConcurrency":80,"availableCpu":"1"},"labels":{"deployment-tool":"cli-firebase","deployment-scheduled":"true","firebase-functions-hash":"4c82fed4350348a24506df4741c8fec36d5a2e8e"},"environment":"GEN_2"},"stages":[{"name":"BUILD","message":"Build in progress","state":"IN_PROGRESS","resource":"projects/1056867138858/locations/us-central1/builds/ff236c15-b469-4a31-8789-71233f278b88","resourceUri":"https://console.cloud.google.com/cloud-build/builds;region=us-central1/ff236c15-b469-4a31-8789-71233f278b88?project=1056867138858"},{"name":"SERVICE","state":"NOT_STARTED"}],"operationType":"CREATE_FUNCTION","buildName":"projects/1056867138858/locations/us-central1/builds/ff236c15-b469-4a31-8789-71233f278b88"},"done":false}
[debug] [2026-06-06T19:15:03.426Z] [create-default-us-central1-generateWeeklyQualityReport] Retrying task index 0
[debug] [2026-06-06T19:15:03.427Z] Checked if tokens are valid: true, expires at: 1780776524981
[debug] [2026-06-06T19:15:03.427Z] Checked if tokens are valid: true, expires at: 1780776524981
[debug] [2026-06-06T19:15:03.427Z] >>> [apiv2][query] GET https://cloudfunctions.googleapis.com/v2/projects/mednu-healthcare-app/locations/us-central1/operations/operation-1780773243962-6539a94a1c66b-e3562442-4fe68609 [none]
